x,y,z,vx,vy,vz,radius,mass
0.973966,0,2.01939,2.09643,0,-1.01112,0.103,0.337
