x,y,z,vx,vy,vz,radius,mass
1.36913,0,1.7754,1.84115,0,-1.41983,0.103,0.337
