x,y,z,vx,vy,vz,radius,mass
2.08676,0,-0.819751,-1.54407,0,-3.9306,0.103,0.337
