x,y,z,vx,vy,vz,radius,mass
-0.616314,0,2.15563,2.491,0,0.712202,0.103,0.337
