x,y,z,vx,vy,vz,radius,mass
1.87192,0,1.23389,1.4155,0,-2.14744,0.103,0.337
