x,y,z,vx,vy,vz,radius,mass
-1.81458,0,-1.31676,-1.30006,0,1.79157,0.103,0.337
