x,y,z,vx,vy,vz,radius,mass
0.193052,0,2.23367,3.01228,0,-0.260345,0.103,0.337
