x,y,z,vx,vy,vz,radius,mass
-1.57709,0,-1.59354,-2.18507,0,2.16251,0.103,0.337
