x,y,z,vx,vy,vz,radius,mass
-1.75617,0,-1.39371,-1.99539,0,2.51432,0.103,0.337
