x,y,z,vx,vy,vz,radius,mass
1.66535,0,1.50106,3.48184,0,-3.86292,0.103,0.337
