x,y,z,vx,vy,vz,radius,mass
-0.406409,0,-2.20486,-3.17301,0,0.584863,0.103,0.337
