x,y,z,vx,vy,vz,radius,mass
-2.21267,0,-0.361473,-2.16577,0,13.2572,0.103,0.337
