x,y,z,vx,vy,vz,radius,mass
-2.10351,0,0.77577,0.786518,0,2.13265,0.103,0.337
