x,y,z,vx,vy,vz,radius,mass
-1.99918,0,1.01481,1.13683,0,2.23956,0.103,0.337
