x,y,z,vx,vy,vz,radius,mass
0.307745,0,2.22078,2.30923,0,-0.320003,0.103,0.337
