x,y,z,vx,vy,vz,radius,mass
-2.11975,0,-0.730234,-0.71992,0,2.08981,0.103,0.337
