x,y,z,vx,vy,vz,radius,mass
-0.0858394,0,-2.24036,-3.22744,0,0.12366,0.103,0.337
