x,y,z,vx,vy,vz,radius,mass
-0.214244,0,2.23174,2.48608,0,0.23866,0.103,0.337
