x,y,z,vx,vy,vz,radius,mass
-0.190059,0,2.23393,3.45586,0,0.294018,0.103,0.337
