x,y,z,vx,vy,vz,radius,mass
-1.32834,0,1.80612,2.94995,0,2.16958,0.103,0.337
