x,y,z,vx,vy,vz,radius,mass
1.99254,0,-1.02779,-1.2624,0,-2.44735,0.103,0.337
