x,y,z,vx,vy,vz,radius,mass
-1.64169,0,1.5269,3.14403,0,3.38039,0.103,0.337
