x,y,z,vx,vy,vz,radius,mass
-1.18604,0,-1.9026,-3.00131,0,1.87096,0.103,0.337
