x,y,z,vx,vy,vz,radius,mass
-0.159184,0,-2.23634,-4.4212,0,0.314704,0.103,0.337
