x,y,z,vx,vy,vz,radius,mass
-0.18657,0,-2.23422,-3.53768,0,0.295415,0.103,0.337
