x,y,z,vx,vy,vz,radius,mass
-1.18244,0,1.90484,11.024,0,6.84317,0.103,0.337
