x,y,z,vx,vy,vz,radius,mass
-2.24171,0,0.0360403,0.0452682,0,2.81568,0.103,0.337
