x,y,z,vx,vy,vz,radius,mass
2.24032,0,-0.0867476,-0.214959,0,-5.55146,0.103,0.337
