x,y,z,vx,vy,vz,radius,mass
0.922459,0,2.04344,8.49541,0,-3.83504,0.103,0.337
