x,y,z,vx,vy,vz,radius,mass
0.428247,0,-2.20072,-6.96428,0,-1.35521,0.103,0.337
