x,y,z,vx,vy,vz,radius,mass
-0.912484,0,-2.04791,-2.40042,0,1.06955,0.103,0.337
