x,y,z,vx,vy,vz,radius,mass
-2.19516,0,0.455912,0.835366,0,4.02218,0.103,0.337
