x,y,z,vx,vy,vz,radius,mass
-2.22849,0,-0.245799,-0.321682,0,2.91646,0.103,0.337
