x,y,z,vx,vy,vz,radius,mass
1.35162,0,1.78877,3.04603,0,-2.30163,0.103,0.337
