x,y,z,vx,vy,vz,radius,mass
0.283578,0,-2.22399,-4.4054,0,-0.561726,0.103,0.337
