x,y,z,vx,vy,vz,radius,mass
1.83959,0,1.28159,1.52543,0,-2.18959,0.103,0.337
