x,y,z,vx,vy,vz,radius,mass
0.751772,0,2.1122,3.42259,0,-1.21816,0.103,0.337
