x,y,z,vx,vy,vz,radius,mass
-1.60898,0,1.56133,1.63147,0,1.68127,0.103,0.337
