x,y,z,vx,vy,vz,radius,mass
-1.70008,0,1.46161,2.27474,0,2.64587,0.103,0.337
