x,y,z,vx,vy,vz,radius,mass
-0.925901,0,-2.04188,-5.82547,0,2.64159,0.103,0.337
