x,y,z,vx,vy,vz,radius,mass
-1.73847,0,-1.41572,-1.65487,0,2.03215,0.103,0.337
