x,y,z,vx,vy,vz,radius,mass
-2.05374,0,0.899297,1.17292,0,2.67861,0.103,0.337
