x,y,z,vx,vy,vz,radius,mass
1.68305,0,-1.48118,-1.81654,0,-2.06411,0.103,0.337
