x,y,z,vx,vy,vz,radius,mass
-2.24111,0,0.0631254,0.0684748,0,2.43103,0.103,0.337
