x,y,z,vx,vy,vz,radius,mass
1.34402,0,-1.79449,-1.78571,0,-1.33744,0.103,0.337
