x,y,z,vx,vy,vz,radius,mass
0.945625,0,-2.03282,-5.87175,0,-2.73142,0.103,0.337
