x,y,z,vx,vy,vz,radius,mass
-1.39336,0,-1.75645,-3.25125,0,2.57917,0.103,0.337
