x,y,z,vx,vy,vz,radius,mass
-0.122253,0,2.23866,2.78561,0,0.152122,0.103,0.337
