x,y,z,vx,vy,vz,radius,mass
0.0755142,0,2.24073,2.33124,0,-0.0785645,0.103,0.337
