x,y,z,vx,vy,vz,radius,mass
1.02273,0,-1.99514,-2.18882,0,-1.12202,0.103,0.337
