x,y,z,vx,vy,vz,radius,mass
1.93128,0,-1.13874,-2.8046,0,-4.75655,0.103,0.337
