x,y,z,vx,vy,vz,radius,mass
-1.92143,0,-1.15528,-1.30156,0,2.16472,0.103,0.337
