x,y,z,vx,vy,vz,radius,mass
0.408634,0,-2.20445,-2.33427,0,-0.432701,0.103,0.337
