x,y,z,vx,vy,vz,radius,mass
-0.251363,0,2.22786,2.66881,0,0.301113,0.103,0.337
