x,y,z,vx,vy,vz,radius,mass
-1.20205,0,1.89252,4.46249,0,2.83439,0.103,0.337
