x,y,z,vx,vy,vz,radius,mass
-1.91944,0,1.15858,2.39071,0,3.96071,0.103,0.337
