x,y,z,vx,vy,vz,radius,mass
2.01541,0,0.982186,3.56613,0,-7.31756,0.103,0.337
