x,y,z,vx,vy,vz,radius,mass
-2.07547,0,0.847922,1.55104,0,3.79652,0.103,0.337
