x,y,z,vx,vy,vz,radius,mass
0.0146749,0,2.24195,9.40233,0,-0.061544,0.103,0.337
