x,y,z,vx,vy,vz,radius,mass
-2.17606,0,-0.539764,-0.73736,0,2.97266,0.103,0.337
