x,y,z,vx,vy,vz,radius,mass
2.15596,0,0.61514,0.858966,0,-3.01053,0.103,0.337
