x,y,z,vx,vy,vz,radius,mass
-2.00392,0,1.00541,3.80401,0,7.58188,0.103,0.337
