x,y,z,vx,vy,vz,radius,mass
1.32301,0,1.81003,3.25693,0,-2.38058,0.103,0.337
