x,y,z,vx,vy,vz,radius,mass
2.11759,0,0.736462,0.814351,0,-2.34155,0.103,0.337
