x,y,z,vx,vy,vz,radius,mass
2.02336,0,0.965708,1.0685,0,-2.23872,0.103,0.337
