x,y,z,vx,vy,vz,radius,mass
-1.55319,0,1.61683,1.80784,0,1.73668,0.103,0.337
