x,y,z,vx,vy,vz,radius,mass
-1.76848,0,-1.37806,-3.31455,0,4.2536,0.103,0.337
