x,y,z,vx,vy,vz,radius,mass
-0.670282,0,2.13946,2.6663,0,0.83534,0.103,0.337
