x,y,z,vx,vy,vz,radius,mass
-2.23645,0,-0.157706,-0.246942,0,3.50191,0.103,0.337
