x,y,z,vx,vy,vz,radius,mass
1.63576,0,-1.53325,-1.95536,0,-2.08609,0.103,0.337
