x,y,z,vx,vy,vz,radius,mass
2.21225,0,0.364042,2.40794,0,-14.6328,0.103,0.337
