x,y,z,vx,vy,vz,radius,mass
1.23403,0,1.87183,10.4873,0,-6.91394,0.103,0.337
