x,y,z,vx,vy,vz,radius,mass
-1.48367,0,1.68086,2.89606,0,2.55632,0.103,0.337
