x,y,z,vx,vy,vz,radius,mass
-0.773209,0,2.10445,2.52459,0,0.927576,0.103,0.337
