x,y,z,vx,vy,vz,radius,mass
-1.29523,0,1.83001,3.7602,0,2.66137,0.103,0.337
