x,y,z,vx,vy,vz,radius,mass
1.75655,0,1.39324,1.39754,0,-1.76197,0.103,0.337
