x,y,z,vx,vy,vz,radius,mass
-0.0628146,0,-2.24112,-4.7262,0,0.132467,0.103,0.337
