x,y,z,vx,vy,vz,radius,mass
-2.11876,0,-0.733104,-0.855193,0,2.47161,0.103,0.337
