x,y,z,vx,vy,vz,radius,mass
-0.949938,0,-2.03081,-6.36318,0,2.97646,0.103,0.337
