x,y,z,vx,vy,vz,radius,mass
-1.90619,0,1.18025,1.83908,0,2.97026,0.103,0.337
