x,y,z,vx,vy,vz,radius,mass
-0.662129,0,-2.142,-3.97857,0,1.22985,0.103,0.337
