x,y,z,vx,vy,vz,radius,mass
-0.972856,0,-2.01993,-4.24092,0,2.04255,0.103,0.337
