x,y,z,vx,vy,vz,radius,mass
2.16533,0,-0.58131,-0.979998,0,-3.6504,0.103,0.337
