x,y,z,vx,vy,vz,radius,mass
-1.0146,0,1.99929,5.52684,0,2.80477,0.103,0.337
