x,y,z,vx,vy,vz,radius,mass
2.20269,0,-0.417997,-0.637546,0,-3.35963,0.103,0.337
