x,y,z,vx,vy,vz,radius,mass
1.41358,0,-1.74022,-6.94109,0,-5.63826,0.103,0.337
