x,y,z,vx,vy,vz,radius,mass
1.07727,0,-1.96623,-2.08554,0,-1.14264,0.103,0.337
