x,y,z,vx,vy,vz,radius,mass
-2.2221,0,0.298051,0.334518,0,2.49398,0.103,0.337
