x,y,z,vx,vy,vz,radius,mass
2.22289,0,0.292092,0.786693,0,-5.98693,0.103,0.337
