x,y,z,vx,vy,vz,radius,mass
-1.36965,0,-1.775,-9.12277,0,7.03946,0.103,0.337
