x,y,z,vx,vy,vz,radius,mass
0.0390996,0,2.24166,3.64193,0,-0.0635235,0.103,0.337
