x,y,z,vx,vy,vz,radius,mass
1.48745,0,-1.67752,-2.97077,0,-2.63417,0.103,0.337
