x,y,z,vx,vy,vz,radius,mass
-2.17647,0,0.538106,0.840528,0,3.39966,0.103,0.337
