x,y,z,vx,vy,vz,radius,mass
-1.00671,0,-2.00327,-3.94503,0,1.98252,0.103,0.337
