x,y,z,vx,vy,vz,radius,mass
0.0253236,0,2.24186,2.90184,0,-0.0327786,0.103,0.337
