x,y,z,vx,vy,vz,radius,mass
1.93155,0,-1.13828,-1.17164,0,-1.98817,0.103,0.337
