x,y,z,vx,vy,vz,radius,mass
0.815096,0,2.08858,4.87093,0,-1.90094,0.103,0.337
