x,y,z,vx,vy,vz,radius,mass
-2.23657,0,0.155967,0.303634,0,4.3541,0.103,0.337
