x,y,z,vx,vy,vz,radius,mass
0.438471,0,2.19871,2.2133,0,-0.441381,0.103,0.337
