x,y,z,vx,vy,vz,radius,mass
2.12281,0,-0.721283,-0.794658,0,-2.33876,0.103,0.337
