x,y,z,vx,vy,vz,radius,mass
1.75094,0,-1.40027,-1.59487,0,-1.99428,0.103,0.337
