x,y,z,vx,vy,vz,radius,mass
0.779205,0,2.10224,5.74595,0,-2.12977,0.103,0.337
