x,y,z,vx,vy,vz,radius,mass
-0.837674,0,2.07963,2.16833,0,0.873403,0.103,0.337
