x,y,z,vx,vy,vz,radius,mass
-2.10353,0,0.775708,0.839963,0,2.27778,0.103,0.337
