x,y,z,vx,vy,vz,radius,mass
-2.10012,0,0.78489,0.879815,0,2.35411,0.103,0.337
