x,y,z,vx,vy,vz,radius,mass
0.0998914,0,2.23977,4.2957,0,-0.191584,0.103,0.337
