x,y,z,vx,vy,vz,radius,mass
-2.08455,0,-0.825352,-1.36267,0,3.44163,0.103,0.337
