x,y,z,vx,vy,vz,radius,mass
-1.65666,0,-1.51065,-1.90648,0,2.09075,0.103,0.337
