x,y,z,vx,vy,vz,radius,mass
-0.468254,0,-2.19256,-4.94169,0,1.05538,0.103,0.337
