x,y,z,vx,vy,vz,radius,mass
-0.0325636,0,-2.24176,-2.96188,0,0.0430238,0.103,0.337
