x,y,z,vx,vy,vz,radius,mass
2.13753,0,-0.676403,-0.98365,0,-3.10848,0.103,0.337
