x,y,z,vx,vy,vz,radius,mass
0.857762,0,-2.07143,-3.29231,0,-1.36332,0.103,0.337
