x,y,z,vx,vy,vz,radius,mass
-1.04962,0,1.98113,2.06675,0,1.09498,0.103,0.337
