x,y,z,vx,vy,vz,radius,mass
1.54288,0,1.62668,2.18379,0,-2.07129,0.103,0.337
