x,y,z,vx,vy,vz,radius,mass
-2.12264,0,0.721782,1.02604,0,3.01742,0.103,0.337
