x,y,z,vx,vy,vz,radius,mass
2.24167,0,-0.0385261,-0.0397608,0,-2.31351,0.103,0.337
