x,y,z,vx,vy,vz,radius,mass
-1.98064,0,-1.05053,-1.10499,0,2.08332,0.103,0.337
