x,y,z,vx,vy,vz,radius,mass
2.193,0,0.466193,1.15878,0,-5.45095,0.103,0.337
