x,y,z,vx,vy,vz,radius,mass
2.23564,0,0.168803,0.285387,0,-3.77969,0.103,0.337
