x,y,z,vx,vy,vz,radius,mass
2.20194,0,0.421954,0.435942,0,-2.27493,0.103,0.337
