x,y,z,vx,vy,vz,radius,mass
1.24876,0,-1.86203,-6.58918,0,-4.419,0.103,0.337
