x,y,z,vx,vy,vz,radius,mass
-1.23756,0,-1.8695,-2.80927,0,1.85966,0.103,0.337
