x,y,z,vx,vy,vz,radius,mass
-1.15623,0,1.92086,2.1451,0,1.29121,0.103,0.337
