x,y,z,vx,vy,vz,radius,mass
-1.16756,0,-1.91399,-1.89341,0,1.15501,0.103,0.337
