x,y,z,vx,vy,vz,radius,mass
2.23657,0,0.155963,0.155974,0,-2.23673,0.103,0.337
