x,y,z,vx,vy,vz,radius,mass
0.645999,0,2.14692,2.30591,0,-0.693839,0.103,0.337
