x,y,z,vx,vy,vz,radius,mass
-1.3127,0,1.81752,2.10452,0,1.51997,0.103,0.337
