x,y,z,vx,vy,vz,radius,mass
-2.24163,0,-0.0409993,-0.0910294,0,4.97701,0.103,0.337
