x,y,z,vx,vy,vz,radius,mass
-1.01496,0,-1.9991,-2.87097,0,1.45762,0.103,0.337
