x,y,z,vx,vy,vz,radius,mass
-1.55641,0,-1.61374,-1.70022,0,1.63982,0.103,0.337
