x,y,z,vx,vy,vz,radius,mass
2.07234,0,-0.85555,-1.13936,0,-2.7598,0.103,0.337
