x,y,z,vx,vy,vz,radius,mass
-1.48745,0,1.67752,3.24127,0,2.87403,0.103,0.337
