x,y,z,vx,vy,vz,radius,mass
-1.77495,0,1.36972,1.38656,0,1.79677,0.103,0.337
