x,y,z,vx,vy,vz,radius,mass
-1.45072,0,-1.70938,-1.74385,0,1.47998,0.103,0.337
