x,y,z,vx,vy,vz,radius,mass
0.733914,0,-2.11847,-9.58432,0,-3.32035,0.103,0.337
