x,y,z,vx,vy,vz,radius,mass
2.01703,0,-0.978856,-1.42199,0,-2.93014,0.103,0.337
