x,y,z,vx,vy,vz,radius,mass
-2.11625,0,0.74029,1.53083,0,4.37616,0.103,0.337
