x,y,z,vx,vy,vz,radius,mass
-0.702351,0,2.12915,2.37474,0,0.783366,0.103,0.337
