x,y,z,vx,vy,vz,radius,mass
-0.895068,0,2.05558,4.2148,0,1.83526,0.103,0.337
