x,y,z,vx,vy,vz,radius,mass
2.17829,0,0.530689,0.607602,0,-2.49398,0.103,0.337
