x,y,z,vx,vy,vz,radius,mass
2.04853,0,-0.911097,-2.0855,0,-4.68909,0.103,0.337
