x,y,z,vx,vy,vz,radius,mass
-2.23519,0,-0.17457,-0.362543,0,4.642,0.103,0.337
