x,y,z,vx,vy,vz,radius,mass
1.08855,0,1.96001,2.10273,0,-1.16781,0.103,0.337
