x,y,z,vx,vy,vz,radius,mass
0.125544,0,2.23848,6.72315,0,-0.377065,0.103,0.337
