x,y,z,vx,vy,vz,radius,mass
-1.61966,0,-1.55024,-5.35342,0,5.59314,0.103,0.337
