x,y,z,vx,vy,vz,radius,mass
1.58625,0,1.58442,2.04062,0,-2.04298,0.103,0.337
