x,y,z,vx,vy,vz,radius,mass
-2.15628,0,-0.614026,-0.645144,0,2.26556,0.103,0.337
