x,y,z,vx,vy,vz,radius,mass
-1.53923,0,-1.63014,-2.33627,0,2.20598,0.103,0.337
