x,y,z,vx,vy,vz,radius,mass
1.99885,0,1.01546,1.01757,0,-2.003,0.103,0.337
