x,y,z,vx,vy,vz,radius,mass
2.22985,0,-0.233119,-0.266381,0,-2.54801,0.103,0.337
