x,y,z,vx,vy,vz,radius,mass
0.432473,0,2.19989,2.73314,0,-0.537303,0.103,0.337
