x,y,z,vx,vy,vz,radius,mass
-1.93374,0,-1.13456,-2.09296,0,3.56722,0.103,0.337
