x,y,z,vx,vy,vz,radius,mass
1.48929,0,-1.67588,-2.05378,0,-1.82511,0.103,0.337
