x,y,z,vx,vy,vz,radius,mass
-1.58451,0,1.58615,1.71353,0,1.71176,0.103,0.337
