x,y,z,vx,vy,vz,radius,mass
-1.97038,0,1.06966,1.28879,0,2.37403,0.103,0.337
