x,y,z,vx,vy,vz,radius,mass
1.9574,0,1.09323,1.35094,0,-2.41884,0.103,0.337
