x,y,z,vx,vy,vz,radius,mass
1.29967,0,1.82686,3.4846,0,-2.47901,0.103,0.337
