x,y,z,vx,vy,vz,radius,mass
-1.78002,0,-1.36312,-1.86737,0,2.43848,0.103,0.337
