x,y,z,vx,vy,vz,radius,mass
0.32878,0,-2.21776,-6.3794,0,-0.945738,0.103,0.337
