x,y,z,vx,vy,vz,radius,mass
0.767353,0,2.10659,2.34087,0,-0.85269,0.103,0.337
