x,y,z,vx,vy,vz,radius,mass
2.24172,0,0.0354582,0.0436839,0,-2.76176,0.103,0.337
