x,y,z,vx,vy,vz,radius,mass
-2.22855,0,-0.245179,-0.308199,0,2.80137,0.103,0.337
