x,y,z,vx,vy,vz,radius,mass
2.24188,0,0.0227294,0.0259895,0,-2.56344,0.103,0.337
