x,y,z,vx,vy,vz,radius,mass
-0.411476,0,-2.20392,-2.58684,0,0.482969,0.103,0.337
