x,y,z,vx,vy,vz,radius,mass
-2.04785,0,-0.912627,-3.13293,0,7.02999,0.103,0.337
