x,y,z,vx,vy,vz,radius,mass
0.0793218,0,-2.2406,-2.45221,0,-0.0868134,0.103,0.337
