x,y,z,vx,vy,vz,radius,mass
-2.24149,0,0.0479747,0.0880519,0,4.11399,0.103,0.337
