x,y,z,vx,vy,vz,radius,mass
-2.07156,0,0.857437,1.07444,0,2.59583,0.103,0.337
