x,y,z,vx,vy,vz,radius,mass
2.22218,0,0.297452,0.353046,0,-2.63751,0.103,0.337
