x,y,z,vx,vy,vz,radius,mass
1.5397,0,-1.62969,-1.92347,0,-1.81726,0.103,0.337
