x,y,z,vx,vy,vz,radius,mass
-1.62748,0,1.54203,1.56019,0,1.64665,0.103,0.337
