x,y,z,vx,vy,vz,radius,mass
1.44351,0,1.71547,1.7225,0,-1.44942,0.103,0.337
