x,y,z,vx,vy,vz,radius,mass
-1.98707,0,1.03833,1.20552,0,2.30703,0.103,0.337
