x,y,z,vx,vy,vz,radius,mass
1.81755,0,-1.31266,-1.67541,0,-2.31981,0.103,0.337
