x,y,z,vx,vy,vz,radius,mass
-1.09264,0,1.95773,1.97775,0,1.10382,0.103,0.337
