x,y,z,vx,vy,vz,radius,mass
1.9699,0,-1.07054,-1.36748,0,-2.51632,0.103,0.337
