x,y,z,vx,vy,vz,radius,mass
0.382375,0,2.20915,3.10915,0,-0.538152,0.103,0.337
