x,y,z,vx,vy,vz,radius,mass
1.63019,0,1.53917,1.90492,0,-2.01757,0.103,0.337
