x,y,z,vx,vy,vz,radius,mass
-1.03647,0,1.98804,9.71724,0,5.06609,0.103,0.337
