x,y,z,vx,vy,vz,radius,mass
-2.18442,0,-0.504867,-0.610959,0,2.64345,0.103,0.337
