x,y,z,vx,vy,vz,radius,mass
2.06462,0,0.874021,2.36259,0,-5.58093,0.103,0.337
