x,y,z,vx,vy,vz,radius,mass
0.862071,0,-2.06964,-4.38411,0,-1.82612,0.103,0.337
