x,y,z,vx,vy,vz,radius,mass
2.22753,0,0.254329,0.280884,0,-2.46011,0.103,0.337
