x,y,z,vx,vy,vz,radius,mass
-0.299776,0,-2.22187,-2.34878,0,0.316898,0.103,0.337
