x,y,z,vx,vy,vz,radius,mass
-0.860827,0,2.07015,2.39383,0,0.995421,0.103,0.337
