x,y,z,vx,vy,vz,radius,mass
-0.31268,0,-2.22009,-11.5641,0,1.62871,0.103,0.337
