x,y,z,vx,vy,vz,radius,mass
1.88552,0,1.213,2.30533,0,-3.58348,0.103,0.337
