x,y,z,vx,vy,vz,radius,mass
-2.15369,0,0.623042,1.02309,0,3.53655,0.103,0.337
