x,y,z,vx,vy,vz,radius,mass
-1.96482,0,1.07985,1.86609,0,3.39541,0.103,0.337
