x,y,z,vx,vy,vz,radius,mass
-2.14541,0,0.65097,1.54793,0,5.10153,0.103,0.337
