x,y,z,vx,vy,vz,radius,mass
1.27512,0,1.84408,4.28907,0,-2.96574,0.103,0.337
