x,y,z,vx,vy,vz,radius,mass
-0.399254,0,2.20616,2.7473,0,0.497184,0.103,0.337
