x,y,z,vx,vy,vz,radius,mass
1.84656,0,1.27153,1.3165,0,-1.91186,0.103,0.337
