x,y,z,vx,vy,vz,radius,mass
1.67242,0,-1.49318,-1.48735,0,-1.66589,0.103,0.337
