x,y,z,vx,vy,vz,radius,mass
0.63157,0,-2.15121,-2.53196,0,-0.743355,0.103,0.337
