x,y,z,vx,vy,vz,radius,mass
1.57721,0,-1.59342,-2.11638,0,-2.09485,0.103,0.337
