x,y,z,vx,vy,vz,radius,mass
1.74663,0,1.40564,1.88536,0,-2.34272,0.103,0.337
