x,y,z,vx,vy,vz,radius,mass
0.104587,0,-2.23956,-2.22201,0,-0.103767,0.103,0.337
