x,y,z,vx,vy,vz,radius,mass
0.314361,0,2.21985,2.87095,0,-0.406566,0.103,0.337
