x,y,z,vx,vy,vz,radius,mass
1.65221,0,1.5155,1.62306,0,-1.76947,0.103,0.337
