x,y,z,vx,vy,vz,radius,mass
1.15102,0,-1.92398,-2.78325,0,-1.66508,0.103,0.337
