x,y,z,vx,vy,vz,radius,mass
1.65003,0,1.51788,2.44992,0,-2.66323,0.103,0.337
