x,y,z,vx,vy,vz,radius,mass
2.23787,0,-0.135978,-0.218059,0,-3.58873,0.103,0.337
