x,y,z,vx,vy,vz,radius,mass
-0.980049,0,-2.01645,-2.55092,0,1.23982,0.103,0.337
