x,y,z,vx,vy,vz,radius,mass
0.705096,0,-2.12824,-3.21996,0,-1.06679,0.103,0.337
