x,y,z,vx,vy,vz,radius,mass
-1.37464,0,-1.77114,-3.97176,0,3.08261,0.103,0.337
