x,y,z,vx,vy,vz,radius,mass
1.0287,0,1.99207,3.39716,0,-1.75428,0.103,0.337
