x,y,z,vx,vy,vz,radius,mass
2.16466,0,-0.583778,-1.70774,0,-6.33233,0.103,0.337
