x,y,z,vx,vy,vz,radius,mass
-1.92043,0,-1.15694,-1.91274,0,3.175,0.103,0.337
