x,y,z,vx,vy,vz,radius,mass
-2.19242,0,0.468893,0.69832,0,3.26516,0.103,0.337
