x,y,z,vx,vy,vz,radius,mass
-0.254821,0,-2.22747,-4.14449,0,0.474127,0.103,0.337
