x,y,z,vx,vy,vz,radius,mass
0.526521,0,-2.1793,-2.66272,0,-0.643316,0.103,0.337
