x,y,z,vx,vy,vz,radius,mass
2.24192,0,0.0190957,0.0254982,0,-2.9936,0.103,0.337
