x,y,z,vx,vy,vz,radius,mass
-2.18966,0,-0.481611,-0.561435,0,2.55259,0.103,0.337
