x,y,z,vx,vy,vz,radius,mass
-1.60451,0,1.56592,2.56104,0,2.62416,0.103,0.337
