x,y,z,vx,vy,vz,radius,mass
-1.33092,0,1.80422,3.2839,0,2.42243,0.103,0.337
