x,y,z,vx,vy,vz,radius,mass
2.14666,0,0.64685,0.66865,0,-2.21901,0.103,0.337
