x,y,z,vx,vy,vz,radius,mass
1.12988,0,1.93647,2.49819,0,-1.45763,0.103,0.337
