x,y,z,vx,vy,vz,radius,mass
-0.2035,0,2.23275,4.04382,0,0.368566,0.103,0.337
