x,y,z,vx,vy,vz,radius,mass
1.75559,0,1.39445,3.78322,0,-4.76301,0.103,0.337
