x,y,z,vx,vy,vz,radius,mass
1.94046,0,-1.12302,-1.49423,0,-2.58188,0.103,0.337
