x,y,z,vx,vy,vz,radius,mass
2.22452,0,-0.279409,-0.372758,0,-2.96773,0.103,0.337
