x,y,z,vx,vy,vz,radius,mass
0.16827,0,-2.23568,-3.54442,0,-0.266774,0.103,0.337
