x,y,z,vx,vy,vz,radius,mass
-1.46546,0,1.69676,2.03992,0,1.76184,0.103,0.337
