x,y,z,vx,vy,vz,radius,mass
1.9801,0,-1.05156,-4.22806,0,-7.96147,0.103,0.337
