x,y,z,vx,vy,vz,radius,mass
0.675448,0,2.13783,3.65105,0,-1.15355,0.103,0.337
