x,y,z,vx,vy,vz,radius,mass
-1.06382,0,-1.97354,-2.40059,0,1.29402,0.103,0.337
