x,y,z,vx,vy,vz,radius,mass
1.46731,0,-1.69516,-1.80005,0,-1.5581,0.103,0.337
