x,y,z,vx,vy,vz,radius,mass
-2.20877,0,-0.384567,-0.403834,0,2.31943,0.103,0.337
