x,y,z,vx,vy,vz,radius,mass
-1.84839,0,1.26886,4.28081,0,6.23602,0.103,0.337
