x,y,z,vx,vy,vz,radius,mass
0.871258,0,2.06579,2.66724,0,-1.12492,0.103,0.337
