x,y,z,vx,vy,vz,radius,mass
0.872358,0,2.06532,2.21699,0,-0.93642,0.103,0.337
