x,y,z,vx,vy,vz,radius,mass
1.27334,0,-1.84531,-2.25971,0,-1.5593,0.103,0.337
