x,y,z,vx,vy,vz,radius,mass
-0.666646,0,-2.14059,-2.51079,0,0.781936,0.103,0.337
