x,y,z,vx,vy,vz,radius,mass
-2.20211,0,-0.421032,-0.457251,0,2.39154,0.103,0.337
