x,y,z,vx,vy,vz,radius,mass
-1.17148,0,1.9116,2.96789,0,1.8188,0.103,0.337
