x,y,z,vx,vy,vz,radius,mass
-0.0159665,0,-2.24194,-2.73518,0,0.0194792,0.103,0.337
