x,y,z,vx,vy,vz,radius,mass
1.6664,0,1.49989,6.18246,0,-6.86882,0.103,0.337
