x,y,z,vx,vy,vz,radius,mass
-1.72395,0,1.43337,1.60371,0,1.92881,0.103,0.337
