x,y,z,vx,vy,vz,radius,mass
2.11368,0,-0.747613,-1.13896,0,-3.22012,0.103,0.337
