x,y,z,vx,vy,vz,radius,mass
0.43529,0,-2.19934,-3.87669,0,-0.767268,0.103,0.337
