x,y,z,vx,vy,vz,radius,mass
2.20342,0,-0.414156,-0.781486,0,-4.15771,0.103,0.337
