x,y,z,vx,vy,vz,radius,mass
-0.461745,0,2.19394,3.76336,0,0.792053,0.103,0.337
