x,y,z,vx,vy,vz,radius,mass
-2.01899,0,-0.974799,-1.13791,0,2.35683,0.103,0.337
