x,y,z,vx,vy,vz,radius,mass
1.12237,0,-1.94084,-1.99246,0,-1.15222,0.103,0.337
