x,y,z,vx,vy,vz,radius,mass
-0.616434,0,-2.15559,-2.84306,0,0.813031,0.103,0.337
