x,y,z,vx,vy,vz,radius,mass
1.11619,0,-1.9444,-2.29172,0,-1.31558,0.103,0.337
