x,y,z,vx,vy,vz,radius,mass
2.21937,0,0.317723,0.407519,0,-2.84662,0.103,0.337
