x,y,z,vx,vy,vz,radius,mass
1.0556,0,1.97795,2.66016,0,-1.41969,0.103,0.337
