x,y,z,vx,vy,vz,radius,mass
0.759398,0,2.10947,2.19113,0,-0.788793,0.103,0.337
