x,y,z,vx,vy,vz,radius,mass
2.18624,0,-0.496888,-0.512268,0,-2.25391,0.103,0.337
