x,y,z,vx,vy,vz,radius,mass
0.243533,0,2.22873,5.62739,0,-0.614902,0.103,0.337
