x,y,z,vx,vy,vz,radius,mass
1.18115,0,-1.90563,-2.16625,0,-1.34269,0.103,0.337
