x,y,z,vx,vy,vz,radius,mass
0.564244,0,-2.16984,-2.37762,0,-0.618275,0.103,0.337
