x,y,z,vx,vy,vz,radius,mass
1.87087,0,1.23549,2.09779,0,-3.17664,0.103,0.337
