x,y,z,vx,vy,vz,radius,mass
-1.52084,0,-1.6473,-1.628,0,1.50302,0.103,0.337
