x,y,z,vx,vy,vz,radius,mass
2.06843,0,0.864958,0.894587,0,-2.13929,0.103,0.337
