x,y,z,vx,vy,vz,radius,mass
-1.51395,0,1.65364,1.91604,0,1.75418,0.103,0.337
