x,y,z,vx,vy,vz,radius,mass
-2.22444,0,-0.280041,-0.546213,0,4.33872,0.103,0.337
