x,y,z,vx,vy,vz,radius,mass
-2.22111,0,0.305308,0.330986,0,2.40792,0.103,0.337
