x,y,z,vx,vy,vz,radius,mass
1.76187,0,1.38649,1.53595,0,-1.9518,0.103,0.337
