x,y,z,vx,vy,vz,radius,mass
-1.99904,0,1.01508,1.44153,0,2.83886,0.103,0.337
