x,y,z,vx,vy,vz,radius,mass
2.20195,0,-0.421868,-0.968198,0,-5.05353,0.103,0.337
