x,y,z,vx,vy,vz,radius,mass
-0.297713,0,-2.22215,-3.35056,0,0.448892,0.103,0.337
