x,y,z,vx,vy,vz,radius,mass
-2.10458,0,0.772867,0.809359,0,2.20395,0.103,0.337
