x,y,z,vx,vy,vz,radius,mass
1.54551,0,1.62418,1.68342,0,-1.60188,0.103,0.337
