x,y,z,vx,vy,vz,radius,mass
-0.997271,0,-2.00799,-6.97585,0,3.46457,0.103,0.337
