x,y,z,vx,vy,vz,radius,mass
1.70301,0,1.45819,3.64711,0,-4.25943,0.103,0.337
