x,y,z,vx,vy,vz,radius,mass
-1.94821,0,1.10952,1.38923,0,2.43935,0.103,0.337
