x,y,z,vx,vy,vz,radius,mass
0.701646,0,2.12938,2.6435,0,-0.871051,0.103,0.337
