x,y,z,vx,vy,vz,radius,mass
0.716097,0,-2.12456,-4.21673,0,-1.42127,0.103,0.337
