x,y,z,vx,vy,vz,radius,mass
1.26126,0,-1.85359,-2.56588,0,-1.74594,0.103,0.337
