x,y,z,vx,vy,vz,radius,mass
0.79172,0,2.09756,5.27937,0,-1.99269,0.103,0.337
