x,y,z,vx,vy,vz,radius,mass
0.667983,0,-2.14018,-5.22373,0,-1.63041,0.103,0.337
