x,y,z,vx,vy,vz,radius,mass
-1.25026,0,1.86102,1.94251,0,1.30501,0.103,0.337
