x,y,z,vx,vy,vz,radius,mass
-1.74001,0,-1.41384,-5.468,0,6.72943,0.103,0.337
