x,y,z,vx,vy,vz,radius,mass
1.92472,0,-1.14979,-1.22301,0,-2.04727,0.103,0.337
