x,y,z,vx,vy,vz,radius,mass
-1.70368,0,-1.45741,-2.41279,0,2.82051,0.103,0.337
