x,y,z,vx,vy,vz,radius,mass
1.64056,0,1.52811,3.3044,0,-3.54758,0.103,0.337
