x,y,z,vx,vy,vz,radius,mass
-2.04286,0,0.923725,2.04088,0,4.51351,0.103,0.337
