x,y,z,vx,vy,vz,radius,mass
-0.889687,0,2.05792,2.0779,0,0.898327,0.103,0.337
