x,y,z,vx,vy,vz,radius,mass
2.08978,0,0.812016,0.965144,0,-2.48387,0.103,0.337
