x,y,z,vx,vy,vz,radius,mass
2.13317,0,-0.690043,-1.22781,0,-3.7956,0.103,0.337
