x,y,z,vx,vy,vz,radius,mass
-2.00952,0,-0.994183,-1.01213,0,2.04579,0.103,0.337
