x,y,z,vx,vy,vz,radius,mass
2.15726,0,0.610554,0.816721,0,-2.88571,0.103,0.337
