x,y,z,vx,vy,vz,radius,mass
1.27943,0,-1.84109,-1.95391,0,-1.35783,0.103,0.337
