x,y,z,vx,vy,vz,radius,mass
0.800582,0,2.09419,6.90973,0,-2.6415,0.103,0.337
