x,y,z,vx,vy,vz,radius,mass
-1.38871,0,-1.76013,-4.24582,0,3.34987,0.103,0.337
