x,y,z,vx,vy,vz,radius,mass
0.844909,0,2.0767,7.64152,0,-3.10896,0.103,0.337
