x,y,z,vx,vy,vz,radius,mass
2.15498,0,-0.618556,-0.860387,0,-2.9975,0.103,0.337
