x,y,z,vx,vy,vz,radius,mass
-1.61722,0,-1.55279,-1.58328,0,1.64897,0.103,0.337
