x,y,z,vx,vy,vz,radius,mass
-2.07877,0,-0.839812,-1.31824,0,3.26302,0.103,0.337
