x,y,z,vx,vy,vz,radius,mass
-0.157659,0,2.23645,2.32805,0,0.164116,0.103,0.337
