x,y,z,vx,vy,vz,radius,mass
-2.03626,0,0.938205,5.523,0,11.987,0.103,0.337
