x,y,z,vx,vy,vz,radius,mass
2.06404,0,0.875387,1.56755,0,-3.69607,0.103,0.337
