x,y,z,vx,vy,vz,radius,mass
-0.775652,0,2.10355,2.26719,0,0.835991,0.103,0.337
