x,y,z,vx,vy,vz,radius,mass
1.9373,0,1.12847,1.45099,0,-2.49098,0.103,0.337
