x,y,z,vx,vy,vz,radius,mass
-1.97376,0,-1.06341,-2.21805,0,4.11686,0.103,0.337
