x,y,z,vx,vy,vz,radius,mass
0.0342064,0,-2.24174,-5.06543,0,-0.0772926,0.103,0.337
