x,y,z,vx,vy,vz,radius,mass
-2.23536,0,-0.172428,-0.588465,0,7.62887,0.103,0.337
