x,y,z,vx,vy,vz,radius,mass
-2.23095,0,-0.222332,-0.317017,0,3.18105,0.103,0.337
