x,y,z,vx,vy,vz,radius,mass
-1.73366,0,-1.42161,-3.17996,0,3.87797,0.103,0.337
