x,y,z,vx,vy,vz,radius,mass
-1.32597,0,1.80786,6.06485,0,4.44825,0.103,0.337
