x,y,z,vx,vy,vz,radius,mass
0.68833,0,2.13372,3.00002,0,-0.967794,0.103,0.337
