x,y,z,vx,vy,vz,radius,mass
-1.17378,0,1.91018,3.28631,0,2.0194,0.103,0.337
