x,y,z,vx,vy,vz,radius,mass
0.0431973,0,-2.24158,-3.94503,0,-0.0760242,0.103,0.337
