x,y,z,vx,vy,vz,radius,mass
-1.094,0,1.95697,2.26446,0,1.2659,0.103,0.337
