x,y,z,vx,vy,vz,radius,mass
-0.0102856,0,2.24198,2.25915,0,0.0103644,0.103,0.337
