x,y,z,vx,vy,vz,radius,mass
-0.106501,0,2.23947,2.58444,0,0.122907,0.103,0.337
