x,y,z,vx,vy,vz,radius,mass
-0.646793,0,-2.14668,-2.34521,0,0.706611,0.103,0.337
