x,y,z,vx,vy,vz,radius,mass
0.966551,0,-2.02295,-3.78366,0,-1.8078,0.103,0.337
