x,y,z,vx,vy,vz,radius,mass
1.67433,0,1.49104,1.77598,0,-1.9943,0.103,0.337
