x,y,z,vx,vy,vz,radius,mass
-0.627932,0,-2.15227,-3.24151,0,0.945723,0.103,0.337
