x,y,z,vx,vy,vz,radius,mass
1.36393,0,1.7794,5.29676,0,-4.06002,0.103,0.337
