x,y,z,vx,vy,vz,radius,mass
2.16028,0,0.5998,0.918048,0,-3.3065,0.103,0.337
