x,y,z,vx,vy,vz,radius,mass
-2.0847,0,0.824988,0.994715,0,2.51359,0.103,0.337
