x,y,z,vx,vy,vz,radius,mass
-1.17769,0,1.90778,2.38127,0,1.46998,0.103,0.337
