x,y,z,vx,vy,vz,radius,mass
-1.81971,0,-1.30967,-1.42569,0,1.98092,0.103,0.337
