x,y,z,vx,vy,vz,radius,mass
1.19639,0,-1.8961,-2.41418,0,-1.52329,0.103,0.337
