x,y,z,vx,vy,vz,radius,mass
0.536527,0,2.17686,2.26234,0,-0.557596,0.103,0.337
