x,y,z,vx,vy,vz,radius,mass
2.18667,0,-0.495015,-0.586296,0,-2.58989,0.103,0.337
