x,y,z,vx,vy,vz,radius,mass
-1.67592,0,-1.48925,-1.47108,0,1.65547,0.103,0.337
