x,y,z,vx,vy,vz,radius,mass
-0.778237,0,2.1026,7.84373,0,2.90321,0.103,0.337
