x,y,z,vx,vy,vz,radius,mass
2.18688,0,0.494078,0.88333,0,-3.90978,0.103,0.337
