x,y,z,vx,vy,vz,radius,mass
-0.816406,0,-2.08807,-2.54179,0,0.993803,0.103,0.337
