x,y,z,vx,vy,vz,radius,mass
0.51933,0,-2.18102,-3.46213,0,-0.824378,0.103,0.337
