x,y,z,vx,vy,vz,radius,mass
0.957448,0,-2.02728,-2.30305,0,-1.08769,0.103,0.337
