x,y,z,vx,vy,vz,radius,mass
1.89878,0,-1.19213,-1.35869,0,-2.16407,0.103,0.337
