x,y,z,vx,vy,vz,radius,mass
1.85418,0,-1.26038,-1.82903,0,-2.69074,0.103,0.337
