x,y,z,vx,vy,vz,radius,mass
-0.003281,0,2.242,4.57783,0,0.00669932,0.103,0.337
