x,y,z,vx,vy,vz,radius,mass
2.16203,0,-0.593455,-2.12686,0,-7.74843,0.103,0.337
