x,y,z,vx,vy,vz,radius,mass
-1.1668,0,1.91446,5.80254,0,3.53645,0.103,0.337
