x,y,z,vx,vy,vz,radius,mass
0.599598,0,2.16033,3.8999,0,-1.08241,0.103,0.337
