x,y,z,vx,vy,vz,radius,mass
1.48522,0,1.67949,2.00187,0,-1.77031,0.103,0.337
