x,y,z,vx,vy,vz,radius,mass
-1.61453,0,-1.55559,-1.75479,0,1.82126,0.103,0.337
