x,y,z,vx,vy,vz,radius,mass
-1.88787,0,1.20935,1.30799,0,2.04186,0.103,0.337
