x,y,z,vx,vy,vz,radius,mass
-1.39873,0,-1.75217,-2.30498,0,1.84003,0.103,0.337
