x,y,z,vx,vy,vz,radius,mass
-2.17668,0,-0.537256,-0.766839,0,3.10682,0.103,0.337
