x,y,z,vx,vy,vz,radius,mass
2.12102,0,-0.726517,-0.72512,0,-2.11694,0.103,0.337
