x,y,z,vx,vy,vz,radius,mass
1.32614,0,-1.80773,-3.38705,0,-2.48472,0.103,0.337
