x,y,z,vx,vy,vz,radius,mass
2.16093,0,0.597435,0.598076,0,-2.16325,0.103,0.337
