x,y,z,vx,vy,vz,radius,mass
0.59417,0,2.16183,3.18104,0,-0.874293,0.103,0.337
