x,y,z,vx,vy,vz,radius,mass
0.323649,0,-2.21852,-2.4295,0,-0.354429,0.103,0.337
