x,y,z,vx,vy,vz,radius,mass
-0.759111,0,-2.10958,-2.22758,0,0.801574,0.103,0.337
