x,y,z,vx,vy,vz,radius,mass
2.04479,0,0.919451,1.34423,0,-2.98946,0.103,0.337
