x,y,z,vx,vy,vz,radius,mass
1.87495,0,1.22929,2.20482,0,-3.36286,0.103,0.337
