x,y,z,vx,vy,vz,radius,mass
1.542,0,1.62751,1.86952,0,-1.7713,0.103,0.337
