x,y,z,vx,vy,vz,radius,mass
-2.23991,0,0.0967852,0.137863,0,3.19058,0.103,0.337
