x,y,z,vx,vy,vz,radius,mass
-0.76837,0,-2.10622,-2.08562,0,0.760853,0.103,0.337
