x,y,z,vx,vy,vz,radius,mass
2.16762,0,-0.572686,-0.76334,0,-2.88925,0.103,0.337
