x,y,z,vx,vy,vz,radius,mass
1.41389,0,1.73996,1.92989,0,-1.56823,0.103,0.337
