x,y,z,vx,vy,vz,radius,mass
2.16047,0,0.599105,0.76906,0,-2.77336,0.103,0.337
