x,y,z,vx,vy,vz,radius,mass
2.16526,0,0.581566,0.717569,0,-2.67162,0.103,0.337
