x,y,z,vx,vy,vz,radius,mass
-2.14555,0,-0.650538,-1.83373,0,6.04783,0.103,0.337
