x,y,z,vx,vy,vz,radius,mass
-1.33396,0,1.80197,2.34229,0,1.73395,0.103,0.337
