x,y,z,vx,vy,vz,radius,mass
2.20981,0,0.378537,0.378754,0,-2.21108,0.103,0.337
