x,y,z,vx,vy,vz,radius,mass
1.97584,0,-1.05954,-1.61231,0,-3.00664,0.103,0.337
