x,y,z,vx,vy,vz,radius,mass
0.573896,0,-2.1673,-4.04657,0,-1.07152,0.103,0.337
