x,y,z,vx,vy,vz,radius,mass
-1.81655,0,-1.31404,-3.41734,0,4.72419,0.103,0.337
