x,y,z,vx,vy,vz,radius,mass
0.112796,0,-2.23916,-2.63184,0,-0.132576,0.103,0.337
