x,y,z,vx,vy,vz,radius,mass
-1.75264,0,1.39815,1.82045,0,2.28202,0.103,0.337
