x,y,z,vx,vy,vz,radius,mass
-1.08925,0,1.95962,2.54505,0,1.41467,0.103,0.337
