x,y,z,vx,vy,vz,radius,mass
-2.10891,0,-0.760951,-1.40137,0,3.88377,0.103,0.337
