x,y,z,vx,vy,vz,radius,mass
-1.41414,0,-1.73976,-3.04307,0,2.47351,0.103,0.337
