x,y,z,vx,vy,vz,radius,mass
-1.95002,0,-1.10633,-2.16613,0,3.81803,0.103,0.337
