x,y,z,vx,vy,vz,radius,mass
-2.12786,0,-0.706239,-1.38013,0,4.15826,0.103,0.337
