x,y,z,vx,vy,vz,radius,mass
2.24063,0,-0.0782901,-0.11955,0,-3.42148,0.103,0.337
