x,y,z,vx,vy,vz,radius,mass
2.23944,0,-0.107055,-0.215034,0,-4.49821,0.103,0.337
