x,y,z,vx,vy,vz,radius,mass
1.30789,0,-1.82098,-2.76142,0,-1.98335,0.103,0.337
