x,y,z,vx,vy,vz,radius,mass
-2.20352,0,0.413621,0.588576,0,3.13556,0.103,0.337
