x,y,z,vx,vy,vz,radius,mass
1.31679,0,1.81456,4.94122,0,-3.58576,0.103,0.337
