x,y,z,vx,vy,vz,radius,mass
1.27489,0,1.84424,2.1998,0,-1.52069,0.103,0.337
