x,y,z,vx,vy,vz,radius,mass
-0.288584,0,-2.22335,-2.71048,0,0.351812,0.103,0.337
