x,y,z,vx,vy,vz,radius,mass
-2.14036,0,0.667411,0.908352,0,2.91304,0.103,0.337
