x,y,z,vx,vy,vz,radius,mass
-2.21538,0,-0.344466,-0.35014,0,2.25187,0.103,0.337
