x,y,z,vx,vy,vz,radius,mass
-1.87925,0,-1.22269,-3.46028,0,5.31838,0.103,0.337
