x,y,z,vx,vy,vz,radius,mass
2.02207,0,-0.96839,-1.1044,0,-2.30608,0.103,0.337
