x,y,z,vx,vy,vz,radius,mass
-2.06231,0,-0.879458,-4.46152,0,10.4622,0.103,0.337
