x,y,z,vx,vy,vz,radius,mass
1.08247,0,1.96337,3.17725,0,-1.75173,0.103,0.337
