x,y,z,vx,vy,vz,radius,mass
-1.25146,0,1.86022,2.23481,0,1.50348,0.103,0.337
