x,y,z,vx,vy,vz,radius,mass
1.65826,0,-1.50889,-1.55147,0,-1.70506,0.103,0.337
