x,y,z,vx,vy,vz,radius,mass
0.804192,0,-2.09281,-5.53706,0,-2.1277,0.103,0.337
