x,y,z,vx,vy,vz,radius,mass
2.17661,0,-0.537536,-0.687761,0,-2.78491,0.103,0.337
