x,y,z,vx,vy,vz,radius,mass
-0.983648,0,2.0147,2.72691,0,1.33138,0.103,0.337
