x,y,z,vx,vy,vz,radius,mass
-0.972777,0,-2.01997,-1.99923,0,0.962788,0.103,0.337
