x,y,z,vx,vy,vz,radius,mass
-1.46213,0,-1.69963,-4.8294,0,4.15459,0.103,0.337
