x,y,z,vx,vy,vz,radius,mass
0.798213,0,-2.09509,-2.2971,0,-0.875174,0.103,0.337
