x,y,z,vx,vy,vz,radius,mass
-1.89058,0,-1.2051,-5.29202,0,8.3022,0.103,0.337
