x,y,z,vx,vy,vz,radius,mass
-0.876922,0,-2.06339,-2.25288,0,0.957452,0.103,0.337
