x,y,z,vx,vy,vz,radius,mass
-0.557833,0,2.17149,3.06527,0,0.787435,0.103,0.337
