x,y,z,vx,vy,vz,radius,mass
-2.20133,0,-0.425123,-0.739085,0,3.82705,0.103,0.337
