x,y,z,vx,vy,vz,radius,mass
-2.1918,0,-0.471781,-0.777859,0,3.61378,0.103,0.337
