x,y,z,vx,vy,vz,radius,mass
1.63991,0,-1.52882,-2.86949,0,-3.078,0.103,0.337
