x,y,z,vx,vy,vz,radius,mass
2.16639,0,0.57734,0.928232,0,-3.48306,0.103,0.337
