x,y,z,vx,vy,vz,radius,mass
2.19388,0,0.462,0.493375,0,-2.34287,0.103,0.337
