x,y,z,vx,vy,vz,radius,mass
-1.49313,0,1.67246,6.28298,0,5.60928,0.103,0.337
