x,y,z,vx,vy,vz,radius,mass
-1.55381,0,1.61624,2.39645,0,2.30389,0.103,0.337
