x,y,z,vx,vy,vz,radius,mass
1.27837,0,-1.84183,-3.91033,0,-2.71406,0.103,0.337
