x,y,z,vx,vy,vz,radius,mass
1.81265,0,-1.31942,-1.31492,0,-1.80647,0.103,0.337
