x,y,z,vx,vy,vz,radius,mass
-1.48698,0,1.67793,2.27526,0,2.01634,0.103,0.337
