x,y,z,vx,vy,vz,radius,mass
-0.109149,0,2.23934,3.02267,0,0.14733,0.103,0.337
