x,y,z,vx,vy,vz,radius,mass
-1.76683,0,-1.38017,-1.40654,0,1.80059,0.103,0.337
