x,y,z,vx,vy,vz,radius,mass
-0.308049,0,2.22074,2.39071,0,0.331628,0.103,0.337
