x,y,z,vx,vy,vz,radius,mass
-1.45314,0,1.70732,2.65394,0,2.25882,0.103,0.337
