x,y,z,vx,vy,vz,radius,mass
-2.17942,0,-0.526023,-0.786023,0,3.25665,0.103,0.337
