x,y,z,vx,vy,vz,radius,mass
-0.718251,0,-2.12384,-3.05325,0,1.03257,0.103,0.337
