x,y,z,vx,vy,vz,radius,mass
2.24097,0,-0.0680589,-0.0680298,0,-2.24001,0.103,0.337
