x,y,z,vx,vy,vz,radius,mass
-2.02298,0,0.966498,1.58494,0,3.31744,0.103,0.337
