x,y,z,vx,vy,vz,radius,mass
-0.543759,0,2.17506,6.56233,0,1.64056,0.103,0.337
