x,y,z,vx,vy,vz,radius,mass
0.0261995,0,-2.24185,-2.29543,0,-0.0268258,0.103,0.337
