x,y,z,vx,vy,vz,radius,mass
-1.77564,0,1.36882,2.03183,0,2.6357,0.103,0.337
