x,y,z,vx,vy,vz,radius,mass
-1.8868,0,1.21102,2.21153,0,3.44563,0.103,0.337
