x,y,z,vx,vy,vz,radius,mass
1.85172,0,-1.26401,-2.12489,0,-3.11287,0.103,0.337
