x,y,z,vx,vy,vz,radius,mass
1.16606,0,-1.91491,-4.68787,0,-2.85463,0.103,0.337
