x,y,z,vx,vy,vz,radius,mass
1.20305,0,1.89189,2.34505,0,-1.49121,0.103,0.337
