x,y,z,vx,vy,vz,radius,mass
-2.23384,0,0.191133,0.728389,0,8.51292,0.103,0.337
