x,y,z,vx,vy,vz,radius,mass
-0.443495,0,-2.1977,-3.65848,0,0.73828,0.103,0.337
