x,y,z,vx,vy,vz,radius,mass
2.2291,0,-0.240181,-0.295674,0,-2.74413,0.103,0.337
