x,y,z,vx,vy,vz,radius,mass
-0.409637,0,2.20426,2.97803,0,0.553434,0.103,0.337
