x,y,z,vx,vy,vz,radius,mass
0.665364,0,-2.14099,-3.57899,0,-1.11226,0.103,0.337
