x,y,z,vx,vy,vz,radius,mass
1.4807,0,1.68347,1.80399,0,-1.5867,0.103,0.337
