x,y,z,vx,vy,vz,radius,mass
0.23684,0,-2.22946,-3.21507,0,-0.341544,0.103,0.337
