x,y,z,vx,vy,vz,radius,mass
-2.07675,0,-0.844784,-1.26375,0,3.10671,0.103,0.337
