x,y,z,vx,vy,vz,radius,mass
-0.214018,0,2.23176,5.23339,0,0.501864,0.103,0.337
