x,y,z,vx,vy,vz,radius,mass
-1.66889,0,1.49712,6.39207,0,7.12547,0.103,0.337
