x,y,z,vx,vy,vz,radius,mass
0.412063,0,2.20381,2.36838,0,-0.442834,0.103,0.337
