x,y,z,vx,vy,vz,radius,mass
-1.92414,0,-1.15076,-2.0067,0,3.35532,0.103,0.337
