x,y,z,vx,vy,vz,radius,mass
-0.594898,0,-2.16163,-4.26517,0,1.17381,0.103,0.337
