x,y,z,vx,vy,vz,radius,mass
0.703334,0,-2.12882,-2.18314,0,-0.72128,0.103,0.337
