x,y,z,vx,vy,vz,radius,mass
-0.443651,0,-2.19767,-2.78463,0,0.562144,0.103,0.337
