x,y,z,vx,vy,vz,radius,mass
2.0435,0,0.922326,1.41336,0,-3.13143,0.103,0.337
