x,y,z,vx,vy,vz,radius,mass
0.379051,0,2.20972,4.81221,0,-0.825475,0.103,0.337
