x,y,z,vx,vy,vz,radius,mass
0.284098,0,2.22393,2.66027,0,-0.33984,0.103,0.337
