x,y,z,vx,vy,vz,radius,mass
-2.17124,0,0.558832,0.566865,0,2.20245,0.103,0.337
