x,y,z,vx,vy,vz,radius,mass
-1.68602,0,1.4778,4.49979,0,5.13381,0.103,0.337
