x,y,z,vx,vy,vz,radius,mass
-2.14348,0,-0.657303,-0.714267,0,2.32924,0.103,0.337
