x,y,z,vx,vy,vz,radius,mass
2.18276,0,-0.511978,-0.629793,0,-2.68505,0.103,0.337
