x,y,z,vx,vy,vz,radius,mass
2.21571,0,0.342334,0.689014,0,-4.45954,0.103,0.337
