x,y,z,vx,vy,vz,radius,mass
1.04602,0,1.98303,9.46916,0,-4.99484,0.103,0.337
