x,y,z,vx,vy,vz,radius,mass
-1.07407,0,-1.96798,-2.00976,0,1.09687,0.103,0.337
