x,y,z,vx,vy,vz,radius,mass
1.12132,0,-1.94145,-3.8609,0,-2.22993,0.103,0.337
