x,y,z,vx,vy,vz,radius,mass
0.814486,0,-2.08882,-3.68762,0,-1.4379,0.103,0.337
