x,y,z,vx,vy,vz,radius,mass
-0.982668,0,2.01517,3.6618,0,1.78562,0.103,0.337
