x,y,z,vx,vy,vz,radius,mass
-2.22896,0,0.241425,0.742034,0,6.85084,0.103,0.337
