x,y,z,vx,vy,vz,radius,mass
-2.07806,0,-0.841567,-1.20241,0,2.96909,0.103,0.337
