x,y,z,vx,vy,vz,radius,mass
-0.997492,0,2.00788,2.16533,0,1.07571,0.103,0.337
