x,y,z,vx,vy,vz,radius,mass
-0.616747,0,2.1555,2.24622,0,0.642704,0.103,0.337
