x,y,z,vx,vy,vz,radius,mass
1.90259,0,-1.18605,-1.64657,0,-2.64132,0.103,0.337
