x,y,z,vx,vy,vz,radius,mass
1.48648,0,-1.67838,-4.86831,0,-4.31168,0.103,0.337
