x,y,z,vx,vy,vz,radius,mass
-1.37887,0,-1.76785,-3.47469,0,2.71014,0.103,0.337
