x,y,z,vx,vy,vz,radius,mass
-1.5226,0,1.64568,4.56682,0,4.22525,0.103,0.337
