x,y,z,vx,vy,vz,radius,mass
-2.21464,0,0.349219,0.605298,0,3.83861,0.103,0.337
