x,y,z,vx,vy,vz,radius,mass
-1.98121,0,-1.04946,-1.32235,0,2.49637,0.103,0.337
