x,y,z,vx,vy,vz,radius,mass
1.53329,0,1.63573,5.97854,0,-5.60413,0.103,0.337
