x,y,z,vx,vy,vz,radius,mass
-2.22896,0,-0.241416,-0.623631,0,5.75791,0.103,0.337
