x,y,z,vx,vy,vz,radius,mass
0.879894,0,-2.06212,-2.42879,0,-1.03635,0.103,0.337
