x,y,z,vx,vy,vz,radius,mass
0.524605,0,2.17976,4.17293,0,-1.0043,0.103,0.337
