x,y,z,vx,vy,vz,radius,mass
2.17317,0,-0.551251,-1.10503,0,-4.35632,0.103,0.337
