x,y,z,vx,vy,vz,radius,mass
1.8047,0,1.33027,1.42386,0,-1.93167,0.103,0.337
