x,y,z,vx,vy,vz,radius,mass
2.15086,0,-0.632738,-1.56312,0,-5.3135,0.103,0.337
