x,y,z,vx,vy,vz,radius,mass
-2.23267,0,-0.204354,-0.229647,0,2.509,0.103,0.337
