x,y,z,vx,vy,vz,radius,mass
-2.22323,0,0.289538,0.600014,0,4.60722,0.103,0.337
