x,y,z,vx,vy,vz,radius,mass
-0.826407,0,2.08413,2.70449,0,1.07239,0.103,0.337
