x,y,z,vx,vy,vz,radius,mass
-1.89167,0,-1.20339,-1.40571,0,2.20972,0.103,0.337
