x,y,z,vx,vy,vz,radius,mass
2.22985,0,-0.233073,-0.276246,0,-2.64289,0.103,0.337
