x,y,z,vx,vy,vz,radius,mass
1.80441,0,-1.33067,-1.36895,0,-1.85632,0.103,0.337
