x,y,z,vx,vy,vz,radius,mass
2.22057,0,0.309233,0.431385,0,-3.09773,0.103,0.337
