x,y,z,vx,vy,vz,radius,mass
0.309658,0,2.22051,5.19276,0,-0.724146,0.103,0.337
