x,y,z,vx,vy,vz,radius,mass
-1.73503,0,-1.41994,-2.12892,0,2.60134,0.103,0.337
