x,y,z,vx,vy,vz,radius,mass
2.0359,0,0.938972,5.18014,0,-11.2317,0.103,0.337
