x,y,z,vx,vy,vz,radius,mass
-2.23477,0,-0.179941,-0.195305,0,2.42558,0.103,0.337
