x,y,z,vx,vy,vz,radius,mass
1.70521,0,1.45561,1.5079,0,-1.76646,0.103,0.337
