x,y,z,vx,vy,vz,radius,mass
-2.094,0,0.801073,0.93069,0,2.43282,0.103,0.337
