x,y,z,vx,vy,vz,radius,mass
0.201661,0,2.23291,4.0375,0,-0.364639,0.103,0.337
