x,y,z,vx,vy,vz,radius,mass
1.31117,0,1.81863,2.44368,0,-1.76181,0.103,0.337
