x,y,z,vx,vy,vz,radius,mass
-1.69503,0,1.46746,1.70146,0,1.96532,0.103,0.337
