x,y,z,vx,vy,vz,radius,mass
1.61315,0,-1.55702,-1.71126,0,-1.77296,0.103,0.337
