x,y,z,vx,vy,vz,radius,mass
1.36952,0,1.7751,2.2881,0,-1.76532,0.103,0.337
