x,y,z,vx,vy,vz,radius,mass
-0.87223,0,-2.06538,-3.26216,0,1.37764,0.103,0.337
