x,y,z,vx,vy,vz,radius,mass
-2.09735,0,-0.792272,-0.997491,0,2.64062,0.103,0.337
