x,y,z,vx,vy,vz,radius,mass
-2.10013,0,-0.784867,-0.798619,0,2.13693,0.103,0.337
