x,y,z,vx,vy,vz,radius,mass
1.13057,0,1.93607,2.2269,0,-1.30041,0.103,0.337
