x,y,z,vx,vy,vz,radius,mass
0.885543,0,2.0597,4.18818,0,-1.80066,0.103,0.337
