x,y,z,vx,vy,vz,radius,mass
-0.0729534,0,-2.24081,-3.73543,0,0.121613,0.103,0.337
