x,y,z,vx,vy,vz,radius,mass
2.09027,0,-0.81076,-1.0365,0,-2.67225,0.103,0.337
