x,y,z,vx,vy,vz,radius,mass
2.07718,0,0.843723,1.04183,0,-2.5649,0.103,0.337
