x,y,z,vx,vy,vz,radius,mass
1.77653,0,1.36766,1.75999,0,-2.28616,0.103,0.337
