x,y,z,vx,vy,vz,radius,mass
-2.18445,0,-0.504741,-0.791313,0,3.42468,0.103,0.337
