x,y,z,vx,vy,vz,radius,mass
-0.717701,0,-2.12402,-2.68916,0,0.90866,0.103,0.337
