x,y,z,vx,vy,vz,radius,mass
-0.246937,0,2.22836,3.14241,0,0.348228,0.103,0.337
