x,y,z,vx,vy,vz,radius,mass
1.32429,0,-1.80909,-4.80326,0,-3.51608,0.103,0.337
