x,y,z,vx,vy,vz,radius,mass
1.77425,0,-1.37063,-1.50731,0,-1.95119,0.103,0.337
