x,y,z,vx,vy,vz,radius,mass
2.18591,0,0.498362,0.550733,0,-2.41562,0.103,0.337
