x,y,z,vx,vy,vz,radius,mass
1.83678,0,1.28561,6.07009,0,-8.67251,0.103,0.337
