x,y,z,vx,vy,vz,radius,mass
0.657151,0,2.14353,2.15666,0,-0.661178,0.103,0.337
