x,y,z,vx,vy,vz,radius,mass
0.0386109,0,2.24167,8.30494,0,-0.143046,0.103,0.337
