x,y,z,vx,vy,vz,radius,mass
2.12526,0,0.714037,2.10689,0,-6.27095,0.103,0.337
