x,y,z,vx,vy,vz,radius,mass
0.0769386,0,2.24068,7.43364,0,-0.25525,0.103,0.337
