x,y,z,vx,vy,vz,radius,mass
2.12927,0,0.701987,1.51094,0,-4.58297,0.103,0.337
