x,y,z,vx,vy,vz,radius,mass
-1.37802,0,-1.76851,-1.86432,0,1.45268,0.103,0.337
