x,y,z,vx,vy,vz,radius,mass
-0.677775,0,2.1371,2.15675,0,0.684009,0.103,0.337
