x,y,z,vx,vy,vz,radius,mass
-0.747066,0,2.11387,4.06923,0,1.43811,0.103,0.337
