x,y,z,vx,vy,vz,radius,mass
0.554566,0,-2.17233,-2.87516,0,-0.733989,0.103,0.337
