x,y,z,vx,vy,vz,radius,mass
-1.82759,0,1.29865,1.56355,0,2.20038,0.103,0.337
