x,y,z,vx,vy,vz,radius,mass
0.173237,0,2.2353,2.40361,0,-0.186281,0.103,0.337
