x,y,z,vx,vy,vz,radius,mass
-2.05953,0,-0.885956,-0.963305,0,2.23933,0.103,0.337
