x,y,z,vx,vy,vz,radius,mass
2.21301,0,-0.359345,-0.523126,0,-3.22166,0.103,0.337
