x,y,z,vx,vy,vz,radius,mass
2.2326,0,0.205113,0.739865,0,-8.05322,0.103,0.337
