x,y,z,vx,vy,vz,radius,mass
1.42072,0,1.7344,2.66718,0,-2.18479,0.103,0.337
