x,y,z,vx,vy,vz,radius,mass
1.77441,0,-1.37041,-1.82179,0,-2.35885,0.103,0.337
