x,y,z,vx,vy,vz,radius,mass
-1.01436,0,1.99941,2.95809,0,1.50072,0.103,0.337
