x,y,z,vx,vy,vz,radius,mass
-1.6128,0,1.55738,1.94694,0,2.01623,0.103,0.337
