x,y,z,vx,vy,vz,radius,mass
-0.945808,0,-2.03274,-4.56989,0,2.12631,0.103,0.337
