x,y,z,vx,vy,vz,radius,mass
-0.0677284,0,2.24098,2.41111,0,0.0728702,0.103,0.337
