x,y,z,vx,vy,vz,radius,mass
1.59597,0,-1.57462,-3.86643,0,-3.91885,0.103,0.337
