x,y,z,vx,vy,vz,radius,mass
-1.69512,0,-1.46736,-2.56268,0,2.96045,0.103,0.337
