x,y,z,vx,vy,vz,radius,mass
1.01798,0,-1.99757,-3.02573,0,-1.54194,0.103,0.337
