x,y,z,vx,vy,vz,radius,mass
1.5681,0,-1.60238,-2.43272,0,-2.38068,0.103,0.337
