x,y,z,vx,vy,vz,radius,mass
-1.24662,0,1.86346,2.52453,0,1.68886,0.103,0.337
