x,y,z,vx,vy,vz,radius,mass
1.16893,0,-1.91316,-3.38277,0,-2.06686,0.103,0.337
