x,y,z,vx,vy,vz,radius,mass
1.71832,0,1.44011,1.65317,0,-1.97254,0.103,0.337
