x,y,z,vx,vy,vz,radius,mass
1.13811,0,1.93165,2.97403,0,-1.75228,0.103,0.337
