x,y,z,vx,vy,vz,radius,mass
2.24199,0,0.00734682,0.00810897,0,-2.47457,0.103,0.337
