x,y,z,vx,vy,vz,radius,mass
0.959817,0,2.02616,2.51342,0,-1.19064,0.103,0.337
