x,y,z,vx,vy,vz,radius,mass
-1.36085,0,1.78175,4.54245,0,3.46938,0.103,0.337
