x,y,z,vx,vy,vz,radius,mass
-1.29049,0,-1.83336,-2.63023,0,1.85139,0.103,0.337
