x,y,z,vx,vy,vz,radius,mass
-0.556334,0,-2.17188,-2.15169,0,0.551162,0.103,0.337
