x,y,z,vx,vy,vz,radius,mass
2.1713,0,0.558579,0.663446,0,-2.57894,0.103,0.337
