x,y,z,vx,vy,vz,radius,mass
-1.13801,0,1.93171,3.72547,0,2.19476,0.103,0.337
