x,y,z,vx,vy,vz,radius,mass
0.554933,0,-2.17224,-3.13582,0,-0.801097,0.103,0.337
