x,y,z,vx,vy,vz,radius,mass
2.12594,0,-0.712007,-3.28926,0,-9.82121,0.103,0.337
