x,y,z,vx,vy,vz,radius,mass
-0.251785,0,-2.22782,-7.78668,0,0.880039,0.103,0.337
