x,y,z,vx,vy,vz,radius,mass
-1.20787,0,1.88881,2.03812,0,1.30334,0.103,0.337
