x,y,z,vx,vy,vz,radius,mass
-2.21683,0,0.335019,0.862557,0,5.70755,0.103,0.337
