x,y,z,vx,vy,vz,radius,mass
-2.2417,0,0.036964,0.0430321,0,2.6097,0.103,0.337
