x,y,z,vx,vy,vz,radius,mass
1.81805,0,-1.31196,-4.672,0,-6.47421,0.103,0.337
