x,y,z,vx,vy,vz,radius,mass
-2.23932,0,0.109666,0.111357,0,2.27385,0.103,0.337
