x,y,z,vx,vy,vz,radius,mass
0.0165814,0,2.24194,2.68374,0,-0.019849,0.103,0.337
