x,y,z,vx,vy,vz,radius,mass
1.82495,0,1.30235,3.85966,0,-5.40844,0.103,0.337
