x,y,z,vx,vy,vz,radius,mass
-0.276068,0,-2.22494,-7.00593,0,0.869289,0.103,0.337
