x,y,z,vx,vy,vz,radius,mass
0.900827,0,2.05306,2.36304,0,-1.03683,0.103,0.337
