x,y,z,vx,vy,vz,radius,mass
-1.93697,0,-1.12903,-1.61478,0,2.77034,0.103,0.337
