x,y,z,vx,vy,vz,radius,mass
2.12645,0,0.710482,2.904,0,-8.69157,0.103,0.337
