x,y,z,vx,vy,vz,radius,mass
0.630268,0,-2.15159,-8.51444,0,-2.49415,0.103,0.337
