x,y,z,vx,vy,vz,radius,mass
1.01255,0,-2.00033,-3.34853,0,-1.695,0.103,0.337
