x,y,z,vx,vy,vz,radius,mass
2.13212,0,0.693273,0.740777,0,-2.27822,0.103,0.337
