x,y,z,vx,vy,vz,radius,mass
-0.530896,0,-2.17824,-2.46501,0,0.600792,0.103,0.337
