x,y,z,vx,vy,vz,radius,mass
-2.2415,0,0.0472248,0.0530363,0,2.51734,0.103,0.337
