x,y,z,vx,vy,vz,radius,mass
1.5005,0,1.66585,2.33527,0,-2.10349,0.103,0.337
