x,y,z,vx,vy,vz,radius,mass
0.0350981,0,2.24173,2.49565,0,-0.0390738,0.103,0.337
