x,y,z,vx,vy,vz,radius,mass
1.79252,0,-1.34664,-2.04682,0,-2.72453,0.103,0.337
