x,y,z,vx,vy,vz,radius,mass
0.869076,0,2.06671,2.07832,0,-0.873959,0.103,0.337
