x,y,z,vx,vy,vz,radius,mass
0.996155,0,2.00854,2.23053,0,-1.10625,0.103,0.337
