x,y,z,vx,vy,vz,radius,mass
1.42764,0,1.7287,2.14114,0,-1.76824,0.103,0.337
