x,y,z,vx,vy,vz,radius,mass
2.03067,0,-0.950243,-1.04627,0,-2.23588,0.103,0.337
