x,y,z,vx,vy,vz,radius,mass
-1.0172,0,1.99797,3.25894,0,1.65919,0.103,0.337
