x,y,z,vx,vy,vz,radius,mass
0.846972,0,2.07586,4.51001,0,-1.84013,0.103,0.337
