x,y,z,vx,vy,vz,radius,mass
2.223,0,-0.29129,-0.29102,0,-2.22094,0.103,0.337
