x,y,z,vx,vy,vz,radius,mass
0.400934,0,2.20586,3.57905,0,-0.650524,0.103,0.337
