x,y,z,vx,vy,vz,radius,mass
1.97751,0,-1.05642,-1.87675,0,-3.51307,0.103,0.337
