x,y,z,vx,vy,vz,radius,mass
2.23399,0,-0.189295,-0.767335,0,-9.05583,0.103,0.337
