x,y,z,vx,vy,vz,radius,mass
-1.43741,0,1.72059,1.79691,0,1.50117,0.103,0.337
