x,y,z,vx,vy,vz,radius,mass
-0.530021,0,-2.17845,-4.58386,0,1.11526,0.103,0.337
