x,y,z,vx,vy,vz,radius,mass
-2.16426,0,0.585274,1.13724,0,4.20537,0.103,0.337
