x,y,z,vx,vy,vz,radius,mass
2.21969,0,0.315532,1.47348,0,-10.3655,0.103,0.337
