x,y,z,vx,vy,vz,radius,mass
2.22036,0,0.310768,0.383151,0,-2.73752,0.103,0.337
