x,y,z,vx,vy,vz,radius,mass
1.62674,0,1.54281,3.12425,0,-3.29421,0.103,0.337
