x,y,z,vx,vy,vz,radius,mass
1.87866,0,1.2236,1.87723,0,-2.88222,0.103,0.337
