x,y,z,vx,vy,vz,radius,mass
-1.34435,0,-1.79424,-2.46258,0,1.84512,0.103,0.337
