x,y,z,vx,vy,vz,radius,mass
1.38975,0,-1.7593,-2.00121,0,-1.58084,0.103,0.337
