x,y,z,vx,vy,vz,radius,mass
-0.544942,0,2.17476,2.34258,0,0.586992,0.103,0.337
