x,y,z,vx,vy,vz,radius,mass
-1.63496,0,1.53411,2.17422,0,2.31715,0.103,0.337
