x,y,z,vx,vy,vz,radius,mass
-0.549891,0,2.17352,2.81811,0,0.712969,0.103,0.337
