x,y,z,vx,vy,vz,radius,mass
-2.17732,0,-0.53463,-0.700281,0,2.85195,0.103,0.337
