x,y,z,vx,vy,vz,radius,mass
1.17793,0,1.90763,1.97933,0,-1.22221,0.103,0.337
