x,y,z,vx,vy,vz,radius,mass
-0.861987,0,2.06967,3.20944,0,1.33668,0.103,0.337
