x,y,z,vx,vy,vz,radius,mass
-1.86226,0,-1.24842,-1.5141,0,2.25856,0.103,0.337
