x,y,z,vx,vy,vz,radius,mass
2.22742,0,-0.255298,-0.326914,0,-2.85225,0.103,0.337
