x,y,z,vx,vy,vz,radius,mass
2.24174,0,-0.0343474,-0.0500553,0,-3.26693,0.103,0.337
