x,y,z,vx,vy,vz,radius,mass
-1.41683,0,-1.73757,-4.53415,0,3.69719,0.103,0.337
