x,y,z,vx,vy,vz,radius,mass
-0.731094,0,-2.11945,-3.71858,0,1.28271,0.103,0.337
