x,y,z,vx,vy,vz,radius,mass
1.27403,0,1.84483,3.99864,0,-2.76145,0.103,0.337
