x,y,z,vx,vy,vz,radius,mass
-1.85221,0,1.26329,6.24987,0,9.16343,0.103,0.337
