x,y,z,vx,vy,vz,radius,mass
1.92471,0,-1.14981,-2.4522,0,-4.10483,0.103,0.337
