x,y,z,vx,vy,vz,radius,mass
-0.165809,0,-2.23586,-2.44556,0,0.18136,0.103,0.337
