x,y,z,vx,vy,vz,radius,mass
-1.04673,0,1.98265,4.34876,0,2.2959,0.103,0.337
