x,y,z,vx,vy,vz,radius,mass
0.0117075,0,2.24197,10.8298,0,-0.0565529,0.103,0.337
