x,y,z,vx,vy,vz,radius,mass
-0.363746,0,2.2123,2.55478,0,0.420058,0.103,0.337
