x,y,z,vx,vy,vz,radius,mass
0.173423,0,-2.23528,-2.3656,0,-0.183533,0.103,0.337
