x,y,z,vx,vy,vz,radius,mass
2.04847,0,-0.911224,-1.26625,0,-2.84659,0.103,0.337
