x,y,z,vx,vy,vz,radius,mass
1.01201,0,-2.0006,-4.54381,0,-2.29849,0.103,0.337
