x,y,z,vx,vy,vz,radius,mass
-0.162265,0,-2.23612,-2.83563,0,0.205769,0.103,0.337
