x,y,z,vx,vy,vz,radius,mass
1.17498,0,-1.90945,-3.0387,0,-1.86987,0.103,0.337
