x,y,z,vx,vy,vz,radius,mass
0.225507,0,-2.23063,-2.52917,0,-0.255688,0.103,0.337
