x,y,z,vx,vy,vz,radius,mass
-1.71728,0,-1.44136,-2.26808,0,2.70226,0.103,0.337
