x,y,z,vx,vy,vz,radius,mass
-2.00741,0,0.998431,1.0805,0,2.17242,0.103,0.337
