x,y,z,vx,vy,vz,radius,mass
-2.06634,0,0.869937,1.3572,0,3.22372,0.103,0.337
