x,y,z,vx,vy,vz,radius,mass
-2.21667,0,0.336036,0.341042,0,2.2497,0.103,0.337
