x,y,z,vx,vy,vz,radius,mass
1.19508,0,1.89693,2.78522,0,-1.7547,0.103,0.337
