x,y,z,vx,vy,vz,radius,mass
-0.208204,0,-2.23231,-3.07545,0,0.286842,0.103,0.337
