x,y,z,vx,vy,vz,radius,mass
1.85166,0,-1.26408,-1.55145,0,-2.27261,0.103,0.337
