x,y,z,vx,vy,vz,radius,mass
-1.0861,0,-1.96136,-2.69451,0,1.49207,0.103,0.337
