x,y,z,vx,vy,vz,radius,mass
1.43431,0,1.72317,5.65486,0,-4.70692,0.103,0.337
