x,y,z,vx,vy,vz,radius,mass
-2.0888,0,-0.814544,-1.06784,0,2.73835,0.103,0.337
