x,y,z,vx,vy,vz,radius,mass
0.780713,0,2.10168,6.28399,0,-2.33432,0.103,0.337
