x,y,z,vx,vy,vz,radius,mass
0.404434,0,-2.20522,-2.80096,0,-0.513692,0.103,0.337
