x,y,z,vx,vy,vz,radius,mass
1.31541,0,-1.81556,-1.86483,0,-1.3511,0.103,0.337
