x,y,z,vx,vy,vz,radius,mass
0.828235,0,2.08341,3.2115,0,-1.27669,0.103,0.337
