x,y,z,vx,vy,vz,radius,mass
0.544235,0,-2.17494,-2.16003,0,-0.540503,0.103,0.337
