x,y,z,vx,vy,vz,radius,mass
-1.45349,0,1.70703,3.75323,0,3.19578,0.103,0.337
