x,y,z,vx,vy,vz,radius,mass
-1.77932,0,-1.36403,-1.53772,0,2.00589,0.103,0.337
