x,y,z,vx,vy,vz,radius,mass
2.23987,0,0.0976341,0.174275,0,-3.99814,0.103,0.337
