x,y,z,vx,vy,vz,radius,mass
-1.94942,0,-1.1074,-1.51562,0,2.66804,0.103,0.337
