x,y,z,vx,vy,vz,radius,mass
1.59774,0,1.57283,1.74344,0,-1.77106,0.103,0.337
