x,y,z,vx,vy,vz,radius,mass
0.659006,0,2.14296,2.46814,0,-0.759005,0.103,0.337
