x,y,z,vx,vy,vz,radius,mass
1.61431,0,-1.55581,-2.61175,0,-2.70995,0.103,0.337
