x,y,z,vx,vy,vz,radius,mass
-1.70025,0,1.46141,1.98349,0,2.30765,0.103,0.337
