x,y,z,vx,vy,vz,radius,mass
1.87238,0,1.23319,1.98783,0,-3.01818,0.103,0.337
