x,y,z,vx,vy,vz,radius,mass
-1.01959,0,1.99675,2.39711,0,1.22403,0.103,0.337
