x,y,z,vx,vy,vz,radius,mass
-1.90431,0,1.18329,1.19845,0,1.92871,0.103,0.337
