x,y,z,vx,vy,vz,radius,mass
1.33716,0,-1.7996,-2.12254,0,-1.57711,0.103,0.337
