x,y,z,vx,vy,vz,radius,mass
2.23219,0,-0.209497,-0.353681,0,-3.76848,0.103,0.337
