x,y,z,vx,vy,vz,radius,mass
-2.16882,0,0.568157,0.685544,0,2.61692,0.103,0.337
