x,y,z,vx,vy,vz,radius,mass
1.62217,0,1.54762,2.94661,0,-3.08855,0.103,0.337
