x,y,z,vx,vy,vz,radius,mass
-2.18132,0,-0.518099,-0.510534,0,2.14946,0.103,0.337
