x,y,z,vx,vy,vz,radius,mass
-2.24151,0,0.0469879,0.0614414,0,2.931,0.103,0.337
