x,y,z,vx,vy,vz,radius,mass
-0.93112,0,2.0395,2.54371,0,1.16131,0.103,0.337
