x,y,z,vx,vy,vz,radius,mass
2.22782,0,-0.251792,-0.268433,0,-2.37505,0.103,0.337
