x,y,z,vx,vy,vz,radius,mass
-1.13649,0,-1.9326,-3.2083,0,1.88668,0.103,0.337
