x,y,z,vx,vy,vz,radius,mass
2.22166,0,-0.301285,-0.536935,0,-3.95933,0.103,0.337
