x,y,z,vx,vy,vz,radius,mass
1.8872,0,1.21038,1.21351,0,-1.89208,0.103,0.337
