x,y,z,vx,vy,vz,radius,mass
1.90511,0,-1.18199,-3.443,0,-5.54937,0.103,0.337
