x,y,z,vx,vy,vz,radius,mass
1.35241,0,-1.78817,-2.37296,0,-1.79469,0.103,0.337
