x,y,z,vx,vy,vz,radius,mass
0.680626,0,-2.13619,-2.71547,0,-0.865193,0.103,0.337
