x,y,z,vx,vy,vz,radius,mass
0.528943,0,2.17871,2.4225,0,-0.58813,0.103,0.337
