x,y,z,vx,vy,vz,radius,mass
-1.50759,0,-1.65944,-2.01554,0,1.83111,0.103,0.337
