x,y,z,vx,vy,vz,radius,mass
-0.0807663,0,2.24054,3.83767,0,0.138339,0.103,0.337
