x,y,z,vx,vy,vz,radius,mass
-2.241,0,0.066841,0.0911402,0,3.05569,0.103,0.337
