x,y,z,vx,vy,vz,radius,mass
0.156424,0,2.23654,2.78081,0,-0.194491,0.103,0.337
