x,y,z,vx,vy,vz,radius,mass
-0.702929,0,2.12896,2.87892,0,0.95055,0.103,0.337
