x,y,z,vx,vy,vz,radius,mass
2.23085,0,0.223326,0.358594,0,-3.58207,0.103,0.337
