x,y,z,vx,vy,vz,radius,mass
1.26423,0,1.85156,1.86008,0,-1.27005,0.103,0.337
