x,y,z,vx,vy,vz,radius,mass
-1.40612,0,1.74625,2.18136,0,1.75647,0.103,0.337
