x,y,z,vx,vy,vz,radius,mass
0.230004,0,-2.23017,-5.87994,0,-0.606416,0.103,0.337
