x,y,z,vx,vy,vz,radius,mass
-1.92756,0,-1.14502,-1.71481,0,2.88676,0.103,0.337
