x,y,z,vx,vy,vz,radius,mass
-1.46345,0,1.69849,1.71761,0,1.47993,0.103,0.337
