x,y,z,vx,vy,vz,radius,mass
2.24196,0,-0.0132414,-0.0141245,0,-2.39149,0.103,0.337
