x,y,z,vx,vy,vz,radius,mass
0.707159,0,-2.12755,-2.93951,0,-0.977037,0.103,0.337
