x,y,z,vx,vy,vz,radius,mass
2.23371,0,0.192679,0.19896,0,-2.30652,0.103,0.337
