x,y,z,vx,vy,vz,radius,mass
-2.08222,0,-0.831206,-1.13655,0,2.84714,0.103,0.337
