x,y,z,vx,vy,vz,radius,mass
-0.338737,0,-2.21626,-2.19674,0,0.335753,0.103,0.337
