x,y,z,vx,vy,vz,radius,mass
0.917624,0,-2.04561,-2.09891,0,-0.941533,0.103,0.337
