x,y,z,vx,vy,vz,radius,mass
-0.857936,0,2.07135,2.92683,0,1.21227,0.103,0.337
