x,y,z,vx,vy,vz,radius,mass
-2.23691,0,-0.150998,-0.158476,0,2.34768,0.103,0.337
