x,y,z,vx,vy,vz,radius,mass
0.0396383,0,-2.24165,-3.38381,0,-0.0598348,0.103,0.337
