x,y,z,vx,vy,vz,radius,mass
0.977423,0,2.01772,3.63653,0,-1.7616,0.103,0.337
