x,y,z,vx,vy,vz,radius,mass
0.374682,0,-2.21047,-2.59991,0,-0.440694,0.103,0.337
