x,y,z,vx,vy,vz,radius,mass
2.08124,0,-0.833678,-1.33349,0,-3.32899,0.103,0.337
