x,y,z,vx,vy,vz,radius,mass
0.861806,0,-2.06975,-2.99099,0,-1.24539,0.103,0.337
