x,y,z,vx,vy,vz,radius,mass
-2.16251,0,0.591707,0.742039,0,2.71193,0.103,0.337
