x,y,z,vx,vy,vz,radius,mass
-0.458274,0,2.19466,4.49055,0,0.937683,0.103,0.337
