x,y,z,vx,vy,vz,radius,mass
1.96547,0,1.07865,2.49533,0,-4.54686,0.103,0.337
