x,y,z,vx,vy,vz,radius,mass
-2.19576,0,0.45301,1.00333,0,4.8632,0.103,0.337
