x,y,z,vx,vy,vz,radius,mass
-1.9194,0,1.15865,1.5099,0,2.50127,0.103,0.337
