x,y,z,vx,vy,vz,radius,mass
1.51568,0,-1.65205,-1.64478,0,-1.50902,0.103,0.337
