x,y,z,vx,vy,vz,radius,mass
1.33189,0,-1.8035,-3.02329,0,-2.23271,0.103,0.337
