x,y,z,vx,vy,vz,radius,mass
2.046,0,0.916768,0.980146,0,-2.18744,0.103,0.337
