x,y,z,vx,vy,vz,radius,mass
0.161987,0,-2.23614,-4.16784,0,-0.301921,0.103,0.337
