x,y,z,vx,vy,vz,radius,mass
2.00961,0,-0.994001,-1.17565,0,-2.37685,0.103,0.337
