x,y,z,vx,vy,vz,radius,mass
2.22578,0,-0.269199,-0.277678,0,-2.29589,0.103,0.337
