x,y,z,vx,vy,vz,radius,mass
1.46289,0,-1.69898,-2.70719,0,-2.331,0.103,0.337
