x,y,z,vx,vy,vz,radius,mass
-1.28456,0,1.83752,1.85726,0,1.29835,0.103,0.337
