x,y,z,vx,vy,vz,radius,mass
-1.69727,0,-1.46487,-2.87364,0,3.32953,0.103,0.337
