x,y,z,vx,vy,vz,radius,mass
-0.602656,0,2.15948,3.91756,0,1.09329,0.103,0.337
