x,y,z,vx,vy,vz,radius,mass
-1.9321,0,1.13734,2.69685,0,4.58136,0.103,0.337
