x,y,z,vx,vy,vz,radius,mass
2.11289,0,-0.74984,-0.88749,0,-2.50076,0.103,0.337
