x,y,z,vx,vy,vz,radius,mass
1.87833,0,-1.22411,-1.44679,0,-2.22003,0.103,0.337
