x,y,z,vx,vy,vz,radius,mass
-1.71046,0,-1.44944,-3.02984,0,3.57546,0.103,0.337
