x,y,z,vx,vy,vz,radius,mass
-2.15103,0,-0.632156,-1.31569,0,4.47688,0.103,0.337
