x,y,z,vx,vy,vz,radius,mass
-2.22145,0,0.302874,0.365718,0,2.68237,0.103,0.337
