x,y,z,vx,vy,vz,radius,mass
-2.07997,0,-0.836837,-0.879733,0,2.18659,0.103,0.337
