x,y,z,vx,vy,vz,radius,mass
1.63501,0,1.53405,2.60851,0,-2.78017,0.103,0.337
