x,y,z,vx,vy,vz,radius,mass
2.05651,0,0.89293,1.19552,0,-2.7534,0.103,0.337
