x,y,z,vx,vy,vz,radius,mass
2.05262,0,0.901838,1.52907,0,-3.48024,0.103,0.337
