x,y,z,vx,vy,vz,radius,mass
-1.29535,0,-1.82993,-2.22426,0,1.57448,0.103,0.337
