x,y,z,vx,vy,vz,radius,mass
-1.95864,0,1.09101,1.62124,0,2.91054,0.103,0.337
