x,y,z,vx,vy,vz,radius,mass
0.476511,0,-2.19078,-2.48558,0,-0.540633,0.103,0.337
