x,y,z,vx,vy,vz,radius,mass
-2.01422,0,0.984632,0.997761,0,2.04107,0.103,0.337
