x,y,z,vx,vy,vz,radius,mass
-1.6666,0,-1.49967,-1.6335,0,1.81533,0.103,0.337
