x,y,z,vx,vy,vz,radius,mass
-2.00553,0,-1.0022,-2.23621,0,4.47493,0.103,0.337
