x,y,z,vx,vy,vz,radius,mass
0.283852,0,2.22396,2.47434,0,-0.315809,0.103,0.337
