x,y,z,vx,vy,vz,radius,mass
-0.867792,0,-2.06724,-2.11223,0,0.886677,0.103,0.337
