x,y,z,vx,vy,vz,radius,mass
2.10239,0,0.778789,1.57065,0,-4.24007,0.103,0.337
