x,y,z,vx,vy,vz,radius,mass
2.22916,0,-0.239575,-0.264268,0,-2.45892,0.103,0.337
