x,y,z,vx,vy,vz,radius,mass
-0.244296,0,-2.22865,-8.75114,0,0.959267,0.103,0.337
