x,y,z,vx,vy,vz,radius,mass
-2.09864,0,0.788834,1.17351,0,3.12204,0.103,0.337
