x,y,z,vx,vy,vz,radius,mass
1.9121,0,1.17066,3.82119,0,-6.24134,0.103,0.337
