x,y,z,vx,vy,vz,radius,mass
-1.4291,0,-1.7275,-1.94994,0,1.61312,0.103,0.337
