x,y,z,vx,vy,vz,radius,mass
-1.22536,0,-1.87752,-2.12063,0,1.38403,0.103,0.337
