x,y,z,vx,vy,vz,radius,mass
-0.321833,0,2.21878,5.6202,0,0.815207,0.103,0.337
