x,y,z,vx,vy,vz,radius,mass
-1.14123,0,1.92981,2.72955,0,1.61417,0.103,0.337
