x,y,z,vx,vy,vz,radius,mass
-0.0282322,0,-2.24182,-2.54023,0,0.0319901,0.103,0.337
