x,y,z,vx,vy,vz,radius,mass
-1.50333,0,-1.66329,-2.49659,0,2.2565,0.103,0.337
