x,y,z,vx,vy,vz,radius,mass
-0.590845,0,2.16275,4.7324,0,1.29285,0.103,0.337
