x,y,z,vx,vy,vz,radius,mass
-2.05214,0,0.902928,2.76218,0,6.27779,0.103,0.337
