x,y,z,vx,vy,vz,radius,mass
-2.1625,0,0.591752,1.65492,0,6.04775,0.103,0.337
