x,y,z,vx,vy,vz,radius,mass
2.05971,0,-0.885526,-2.36788,0,-5.50763,0.103,0.337
