x,y,z,vx,vy,vz,radius,mass
-2.04551,0,-0.917851,-2.20129,0,4.90576,0.103,0.337
