x,y,z,vx,vy,vz,radius,mass
-2.0945,0,-0.799761,-1.39251,0,3.64686,0.103,0.337
