x,y,z,vx,vy,vz,radius,mass
2.18926,0,-0.483437,-0.532939,0,-2.41343,0.103,0.337
