x,y,z,vx,vy,vz,radius,mass
-1.09647,0,-1.95558,-2.1339,0,1.19645,0.103,0.337
