x,y,z,vx,vy,vz,radius,mass
1.66948,0,1.49647,2.29857,0,-2.56431,0.103,0.337
