x,y,z,vx,vy,vz,radius,mass
2.16023,0,0.599967,1.38425,0,-4.9841,0.103,0.337
