x,y,z,vx,vy,vz,radius,mass
-0.977166,0,-2.01785,-2.12954,0,1.03125,0.103,0.337
