x,y,z,vx,vy,vz,radius,mass
-1.22653,0,-1.87675,-2.37229,0,1.55039,0.103,0.337
