x,y,z,vx,vy,vz,radius,mass
-2.21114,0,0.370699,0.504992,0,3.01217,0.103,0.337
