x,y,z,vx,vy,vz,radius,mass
-0.410544,0,-2.20409,-5.34796,0,0.996135,0.103,0.337
