x,y,z,vx,vy,vz,radius,mass
2.23081,0,-0.223732,-0.722633,0,-7.20529,0.103,0.337
