x,y,z,vx,vy,vz,radius,mass
1.34523,0,1.79358,2.06164,0,-1.54629,0.103,0.337
