x,y,z,vx,vy,vz,radius,mass
-0.461083,0,2.19408,2.44564,0,0.513949,0.103,0.337
