x,y,z,vx,vy,vz,radius,mass
-2.03007,0,0.951513,1.29382,0,2.76039,0.103,0.337
