x,y,z,vx,vy,vz,radius,mass
-0.42039,0,-2.20223,-13.6955,0,2.61437,0.103,0.337
