x,y,z,vx,vy,vz,radius,mass
-0.801276,0,-2.09392,-3.48091,0,1.33203,0.103,0.337
