x,y,z,vx,vy,vz,radius,mass
-1.71744,0,-1.44116,-1.51756,0,1.80848,0.103,0.337
