x,y,z,vx,vy,vz,radius,mass
2.04524,0,-0.918459,-2.95117,0,-6.57172,0.103,0.337
