x,y,z,vx,vy,vz,radius,mass
0.0685532,0,2.24095,3.15703,0,-0.0965771,0.103,0.337
