x,y,z,vx,vy,vz,radius,mass
-2.2266,0,0.262355,0.431392,0,3.66121,0.103,0.337
