x,y,z,vx,vy,vz,radius,mass
-1.80599,0,-1.32852,-1.74465,0,2.37167,0.103,0.337
