x,y,z,vx,vy,vz,radius,mass
0.597911,0,2.1608,2.79225,0,-0.772636,0.103,0.337
