x,y,z,vx,vy,vz,radius,mass
1.90431,0,1.18328,1.31003,0,-2.1083,0.103,0.337
