x,y,z,vx,vy,vz,radius,mass
-2.17476,0,0.544971,0.611264,0,2.43931,0.103,0.337
