x,y,z,vx,vy,vz,radius,mass
-0.894441,0,-2.05585,-2.70916,0,1.17868,0.103,0.337
