x,y,z,vx,vy,vz,radius,mass
-2.22927,0,-0.238539,-0.325559,0,3.04253,0.103,0.337
