x,y,z,vx,vy,vz,radius,mass
-0.107889,0,2.2394,4.88845,0,0.235513,0.103,0.337
