x,y,z,vx,vy,vz,radius,mass
-1.8382,0,1.28358,2.1021,0,3.01038,0.103,0.337
