x,y,z,vx,vy,vz,radius,mass
2.22645,0,0.263633,0.403042,0,-3.40379,0.103,0.337
