x,y,z,vx,vy,vz,radius,mass
-1.85346,0,1.26145,1.46358,0,2.15046,0.103,0.337
