x,y,z,vx,vy,vz,radius,mass
1.91884,0,1.15957,1.55391,0,-2.57139,0.103,0.337
