x,y,z,vx,vy,vz,radius,mass
2.20069,0,0.428391,0.811241,0,-4.16743,0.103,0.337
