x,y,z,vx,vy,vz,radius,mass
-0.536304,0,-2.17691,-3.44262,0,0.848123,0.103,0.337
