x,y,z,vx,vy,vz,radius,mass
-1.83356,0,-1.29021,-1.62699,0,2.31216,0.103,0.337
