x,y,z,vx,vy,vz,radius,mass
-2.21626,0,0.338724,0.442538,0,2.89552,0.103,0.337
