x,y,z,vx,vy,vz,radius,mass
-2.22938,0,-0.237577,-0.287291,0,2.69588,0.103,0.337
