x,y,z,vx,vy,vz,radius,mass
-0.235821,0,2.22956,2.24778,0,0.237748,0.103,0.337
