x,y,z,vx,vy,vz,radius,mass
2.23062,0,0.225595,0.240779,0,-2.38075,0.103,0.337
