x,y,z,vx,vy,vz,radius,mass
2.03594,0,-0.938894,-0.999244,0,-2.1668,0.103,0.337
