x,y,z,vx,vy,vz,radius,mass
-1.36315,0,1.77999,1.98903,0,1.52323,0.103,0.337
