x,y,z,vx,vy,vz,radius,mass
1.93645,0,1.12992,1.20872,0,-2.07151,0.103,0.337
