x,y,z,vx,vy,vz,radius,mass
-0.38925,0,2.20795,2.29963,0,0.405412,0.103,0.337
