x,y,z,vx,vy,vz,radius,mass
1.63812,0,-1.53073,-3.25719,0,-3.4857,0.103,0.337
