x,y,z,vx,vy,vz,radius,mass
-0.150467,0,-2.23695,-2.62742,0,0.176732,0.103,0.337
