x,y,z,vx,vy,vz,radius,mass
-0.556718,0,-2.17178,-2.64565,0,0.67819,0.103,0.337
