x,y,z,vx,vy,vz,radius,mass
-0.773397,0,-2.10438,-2.37991,0,0.87466,0.103,0.337
