x,y,z,vx,vy,vz,radius,mass
0.302021,0,2.22156,3.79959,0,-0.516553,0.103,0.337
