x,y,z,vx,vy,vz,radius,mass
-1.40431,0,1.7477,1.88695,0,1.5162,0.103,0.337
