x,y,z,vx,vy,vz,radius,mass
0.263171,0,-2.2265,-2.94428,0,-0.348012,0.103,0.337
