x,y,z,vx,vy,vz,radius,mass
1.62535,0,1.54428,2.77425,0,-2.91989,0.103,0.337
