x,y,z,vx,vy,vz,radius,mass
-1.04599,0,-1.98305,-3.677,0,1.93948,0.103,0.337
