x,y,z,vx,vy,vz,radius,mass
2.0493,0,0.909363,1.27105,0,-2.86438,0.103,0.337
