x,y,z,vx,vy,vz,radius,mass
0.802637,0,2.0934,2.50057,0,-0.958748,0.103,0.337
