x,y,z,vx,vy,vz,radius,mass
1.69252,0,1.47036,2.15425,0,-2.47975,0.103,0.337
