x,y,z,vx,vy,vz,radius,mass
-0.927331,0,-2.04123,-4.93828,0,2.24346,0.103,0.337
