x,y,z,vx,vy,vz,radius,mass
1.72094,0,-1.43698,-1.69721,0,-2.03259,0.103,0.337
