x,y,z,vx,vy,vz,radius,mass
0.953319,0,-2.02922,-12.8709,0,-6.04668,0.103,0.337
