x,y,z,vx,vy,vz,radius,mass
2.06596,0,0.870856,1.11882,0,-2.65421,0.103,0.337
