x,y,z,vx,vy,vz,radius,mass
0.408203,0,-2.20453,-4.6594,0,-0.862761,0.103,0.337
