x,y,z,vx,vy,vz,radius,mass
2.22464,0,0.278447,0.318594,0,-2.54539,0.103,0.337
