x,y,z,vx,vy,vz,radius,mass
2.03831,0,-0.933731,-0.96161,0,-2.09917,0.103,0.337
