x,y,z,vx,vy,vz,radius,mass
1.41648,0,-1.73786,-2.51663,0,-2.05124,0.103,0.337
