x,y,z,vx,vy,vz,radius,mass
-2.18021,0,-0.522749,-0.657634,0,2.74276,0.103,0.337
