x,y,z,vx,vy,vz,radius,mass
0.86312,0,-2.0692,-2.19352,0,-0.914979,0.103,0.337
