x,y,z,vx,vy,vz,radius,mass
0.0409595,0,2.24163,12.7611,0,-0.233174,0.103,0.337
