x,y,z,vx,vy,vz,radius,mass
2.242,0,-0.00238334,-0.00332157,0,-3.12458,0.103,0.337
