x,y,z,vx,vy,vz,radius,mass
-0.312547,0,-2.22011,-6.35989,0,0.895347,0.103,0.337
