x,y,z,vx,vy,vz,radius,mass
-0.903201,0,2.05202,8.68249,0,3.82162,0.103,0.337
