x,y,z,vx,vy,vz,radius,mass
0.376469,0,-2.21017,-3.3401,0,-0.568936,0.103,0.337
