x,y,z,vx,vy,vz,radius,mass
0.993565,0,-2.00982,-2.7795,0,-1.37406,0.103,0.337
