x,y,z,vx,vy,vz,radius,mass
-0.515895,0,2.18184,2.61555,0,0.618446,0.103,0.337
