x,y,z,vx,vy,vz,radius,mass
-1.00587,0,-2.0037,-2.2646,0,1.13684,0.103,0.337
