x,y,z,vx,vy,vz,radius,mass
1.2529,0,1.85925,2.60896,0,-1.75811,0.103,0.337
