x,y,z,vx,vy,vz,radius,mass
0.40829,0,2.20451,2.54071,0,-0.470557,0.103,0.337
