x,y,z,vx,vy,vz,radius,mass
-0.0635977,0,-2.2411,-2.37043,0,0.0672679,0.103,0.337
