x,y,z,vx,vy,vz,radius,mass
-2.23774,0,0.138213,0.206069,0,3.33635,0.103,0.337
