x,y,z,vx,vy,vz,radius,mass
-1.56144,0,-1.60887,-1.88194,0,1.82645,0.103,0.337
