x,y,z,vx,vy,vz,radius,mass
-2.03909,0,-0.932019,-1.04936,0,2.29582,0.103,0.337
