x,y,z,vx,vy,vz,radius,mass
-1.55637,0,1.61378,2.09944,0,2.02475,0.103,0.337
