x,y,z,vx,vy,vz,radius,mass
0.100484,0,-2.23975,-3.08863,0,-0.138567,0.103,0.337
