x,y,z,vx,vy,vz,radius,mass
-1.78212,0,1.36037,2.63341,0,3.44983,0.103,0.337
