x,y,z,vx,vy,vz,radius,mass
2.04593,0,0.916908,1.47609,0,-3.29366,0.103,0.337
