x,y,z,vx,vy,vz,radius,mass
1.38448,0,1.76346,2.85002,0,-2.23752,0.103,0.337
