x,y,z,vx,vy,vz,radius,mass
-2.17277,0,0.552855,0.642744,0,2.52603,0.103,0.337
