x,y,z,vx,vy,vz,radius,mass
1.89656,0,-1.19566,-2.24815,0,-3.56602,0.103,0.337
