x,y,z,vx,vy,vz,radius,mass
1.78682,0,-1.35419,-2.70376,0,-3.56753,0.103,0.337
