x,y,z,vx,vy,vz,radius,mass
-0.117708,0,-2.23891,-2.22027,0,0.116728,0.103,0.337
