x,y,z,vx,vy,vz,radius,mass
-2.2395,0,-0.105899,-0.174366,0,3.68741,0.103,0.337
