x,y,z,vx,vy,vz,radius,mass
-2.14031,0,0.667566,2.87657,0,9.22267,0.103,0.337
