x,y,z,vx,vy,vz,radius,mass
1.07212,0,1.96904,1.97911,0,-1.07759,0.103,0.337
