x,y,z,vx,vy,vz,radius,mass
-1.65845,0,1.50868,1.81511,0,1.9953,0.103,0.337
