x,y,z,vx,vy,vz,radius,mass
2.10337,0,0.776145,0.889214,0,-2.40979,0.103,0.337
