x,y,z,vx,vy,vz,radius,mass
-0.0591424,0,2.24122,3.30501,0,0.0872143,0.103,0.337
