x,y,z,vx,vy,vz,radius,mass
1.88894,0,1.20767,1.76748,0,-2.76457,0.103,0.337
