x,y,z,vx,vy,vz,radius,mass
-2.19565,0,-0.453513,-0.509966,0,2.46896,0.103,0.337
