x,y,z,vx,vy,vz,radius,mass
2.24178,0,0.0313526,0.0401806,0,-2.873,0.103,0.337
