x,y,z,vx,vy,vz,radius,mass
0.498342,0,2.18591,3.37351,0,-0.769089,0.103,0.337
