x,y,z,vx,vy,vz,radius,mass
1.90354,0,1.18452,2.39379,0,-3.84686,0.103,0.337
