x,y,z,vx,vy,vz,radius,mass
2.1875,0,-0.491338,-0.786914,0,-3.50345,0.103,0.337
