x,y,z,vx,vy,vz,radius,mass
1.09335,0,-1.95733,-6.22532,0,-3.47742,0.103,0.337
