x,y,z,vx,vy,vz,radius,mass
-2.21931,0,0.318152,0.33354,0,2.32665,0.103,0.337
