x,y,z,vx,vy,vz,radius,mass
2.12352,0,-0.719182,-0.741048,0,-2.18808,0.103,0.337
