x,y,z,vx,vy,vz,radius,mass
2.24101,0,0.0666243,0.195737,0,-6.5839,0.103,0.337
