x,y,z,vx,vy,vz,radius,mass
2.1753,0,0.542821,0.919038,0,-3.68294,0.103,0.337
