x,y,z,vx,vy,vz,radius,mass
1.97871,0,1.05417,1.25385,0,-2.35351,0.103,0.337
