x,y,z,vx,vy,vz,radius,mass
0.904537,0,2.05143,3.01532,0,-1.32955,0.103,0.337
