x,y,z,vx,vy,vz,radius,mass
1.91399,0,-1.16756,-1.28477,0,-2.10614,0.103,0.337
