x,y,z,vx,vy,vz,radius,mass
0.450913,0,2.19619,4.47497,0,-0.918785,0.103,0.337
