x,y,z,vx,vy,vz,radius,mass
-0.532193,0,2.17792,3.37325,0,0.824282,0.103,0.337
