x,y,z,vx,vy,vz,radius,mass
1.23509,0,-1.87113,-2.05401,0,-1.3558,0.103,0.337
