x,y,z,vx,vy,vz,radius,mass
2.00082,0,1.01158,1.15971,0,-2.2938,0.103,0.337
