x,y,z,vx,vy,vz,radius,mass
-2.14379,0,-0.656303,-2.51946,0,8.22973,0.103,0.337
