x,y,z,vx,vy,vz,radius,mass
-2.05884,0,0.887542,2.27757,0,5.28331,0.103,0.337
