x,y,z,vx,vy,vz,radius,mass
-1.37205,0,-1.77314,-3.71461,0,2.87435,0.103,0.337
