x,y,z,vx,vy,vz,radius,mass
-0.935037,0,2.03771,2.27417,0,1.04354,0.103,0.337
