x,y,z,vx,vy,vz,radius,mass
1.04629,0,1.98289,2.36687,0,-1.2489,0.103,0.337
