x,y,z,vx,vy,vz,radius,mass
-0.532476,0,-2.17785,-2.30096,0,0.562576,0.103,0.337
