x,y,z,vx,vy,vz,radius,mass
1.75322,0,-1.39742,-3.72338,0,-4.67142,0.103,0.337
