x,y,z,vx,vy,vz,radius,mass
0.300123,0,-2.22182,-3.70893,0,-0.501,0.103,0.337
