x,y,z,vx,vy,vz,radius,mass
2.02009,0,-0.972513,-1.94558,0,-4.04135,0.103,0.337
