x,y,z,vx,vy,vz,radius,mass
2.0381,0,-0.934192,-0.931932,0,-2.03317,0.103,0.337
