x,y,z,vx,vy,vz,radius,mass
-0.807131,0,-2.09167,-2.87624,0,1.10988,0.103,0.337
