x,y,z,vx,vy,vz,radius,mass
0.491476,0,2.18747,2.94729,0,-0.662191,0.103,0.337
