x,y,z,vx,vy,vz,radius,mass
1.60816,0,1.56217,1.56778,0,-1.61393,0.103,0.337
