x,y,z,vx,vy,vz,radius,mass
-1.61141,0,1.55882,3.6859,0,3.81025,0.103,0.337
