x,y,z,vx,vy,vz,radius,mass
-2.24176,0,0.0329875,0.0398612,0,2.70887,0.103,0.337
