x,y,z,vx,vy,vz,radius,mass
-1.69259,0,-1.47027,-2.71688,0,3.1277,0.103,0.337
