x,y,z,vx,vy,vz,radius,mass
2.12417,0,-0.717249,-0.763784,0,-2.26199,0.103,0.337
