x,y,z,vx,vy,vz,radius,mass
1.58052,0,-1.59014,-1.80995,0,-1.799,0.103,0.337
