x,y,z,vx,vy,vz,radius,mass
1.65255,0,-1.51514,-2.19641,0,-2.39561,0.103,0.337
