x,y,z,vx,vy,vz,radius,mass
-1.92182,0,-1.15463,-1.81465,0,3.02038,0.103,0.337
