x,y,z,vx,vy,vz,radius,mass
1.78878,0,-1.3516,-3.08575,0,-4.08383,0.103,0.337
