x,y,z,vx,vy,vz,radius,mass
2.2194,0,0.317525,0.424365,0,-2.96618,0.103,0.337
