x,y,z,vx,vy,vz,radius,mass
0.181706,0,2.23462,6.13074,0,-0.498513,0.103,0.337
