x,y,z,vx,vy,vz,radius,mass
1.79181,0,-1.34758,-1.43258,0,-1.90483,0.103,0.337
