x,y,z,vx,vy,vz,radius,mass
-2.2389,0,-0.11795,-0.119831,0,2.27459,0.103,0.337
