x,y,z,vx,vy,vz,radius,mass
0.788298,0,-2.09884,-2.56634,0,-0.963882,0.103,0.337
