x,y,z,vx,vy,vz,radius,mass
-2.22293,0,-0.291785,-1.26915,0,9.66888,0.103,0.337
