x,y,z,vx,vy,vz,radius,mass
-0.387977,0,2.20818,3.25983,0,0.572753,0.103,0.337
