x,y,z,vx,vy,vz,radius,mass
-1.89803,0,1.19333,1.24831,0,1.98548,0.103,0.337
