x,y,z,vx,vy,vz,radius,mass
-2.24167,0,-0.0382379,-0.0663772,0,3.89132,0.103,0.337
