x,y,z,vx,vy,vz,radius,mass
1.92201,0,-1.15431,-1.844,0,-3.07038,0.103,0.337
