x,y,z,vx,vy,vz,radius,mass
-0.459076,0,2.1945,2.21355,0,0.463062,0.103,0.337
