x,y,z,vx,vy,vz,radius,mass
-0.260721,0,-2.22679,-9.97281,0,1.16765,0.103,0.337
