x,y,z,vx,vy,vz,radius,mass
-0.431604,0,2.20006,6.05877,0,1.1886,0.103,0.337
