x,y,z,vx,vy,vz,radius,mass
2.08057,0,0.835332,1.58471,0,-3.94705,0.103,0.337
