x,y,z,vx,vy,vz,radius,mass
-1.89805,0,-1.19331,-1.21548,0,1.9333,0.103,0.337
