x,y,z,vx,vy,vz,radius,mass
-2.23842,0,0.126565,0.30181,0,5.33781,0.103,0.337
