x,y,z,vx,vy,vz,radius,mass
1.48309,0,-1.68137,-3.35033,0,-2.95522,0.103,0.337
