x,y,z,vx,vy,vz,radius,mass
-1.79115,0,1.34846,2.97205,0,3.94775,0.103,0.337
