x,y,z,vx,vy,vz,radius,mass
-1.44002,0,-1.7184,-2.84878,0,2.38728,0.103,0.337
