x,y,z,vx,vy,vz,radius,mass
-1.45326,0,-1.70722,-2.15629,0,1.83551,0.103,0.337
