x,y,z,vx,vy,vz,radius,mass
-2.24042,0,0.0841036,0.0882199,0,2.35008,0.103,0.337
