x,y,z,vx,vy,vz,radius,mass
-1.14564,0,-1.9272,-2.25738,0,1.34192,0.103,0.337
