x,y,z,vx,vy,vz,radius,mass
-1.63574,0,1.53327,2.79537,0,2.98218,0.103,0.337
