x,y,z,vx,vy,vz,radius,mass
-2.12132,0,0.725643,1.25586,0,3.67136,0.103,0.337
