x,y,z,vx,vy,vz,radius,mass
-0.324239,0,2.21843,3.60896,0,0.527475,0.103,0.337
