x,y,z,vx,vy,vz,radius,mass
0.946051,0,-2.03262,-2.58591,0,-1.20357,0.103,0.337
