x,y,z,vx,vy,vz,radius,mass
1.96805,0,1.07394,1.11132,0,-2.03656,0.103,0.337
