x,y,z,vx,vy,vz,radius,mass
-0.679487,0,2.13655,3.48037,0,1.10686,0.103,0.337
