x,y,z,vx,vy,vz,radius,mass
2.18606,0,0.497692,1.61595,0,-7.09788,0.103,0.337
