x,y,z,vx,vy,vz,radius,mass
-2.2337,0,0.192763,0.301467,0,3.49332,0.103,0.337
