x,y,z,vx,vy,vz,radius,mass
-2.23343,0,-0.195899,-0.292401,0,3.33363,0.103,0.337
