x,y,z,vx,vy,vz,radius,mass
0.407554,0,-2.20465,-3.04312,0,-0.562555,0.103,0.337
