x,y,z,vx,vy,vz,radius,mass
0.9629,0,-2.02469,-2.0128,0,-0.957242,0.103,0.337
