x,y,z,vx,vy,vz,radius,mass
2.23001,0,0.231595,0.497328,0,-4.78872,0.103,0.337
