x,y,z,vx,vy,vz,radius,mass
-0.9197,0,-2.04468,-5.3538,0,2.40815,0.103,0.337
