x,y,z,vx,vy,vz,radius,mass
-2.093,0,-0.803689,-2.08307,0,5.42482,0.103,0.337
