x,y,z,vx,vy,vz,radius,mass
1.0385,0,-1.98698,-2.43138,0,-1.27076,0.103,0.337
