x,y,z,vx,vy,vz,radius,mass
-1.26905,0,-1.84826,-1.88652,0,1.29531,0.103,0.337
