x,y,z,vx,vy,vz,radius,mass
1.10404,0,-1.95132,-2.58719,0,-1.4638,0.103,0.337
