x,y,z,vx,vy,vz,radius,mass
-1.52835,0,-1.64034,-5.11467,0,4.76547,0.103,0.337
