x,y,z,vx,vy,vz,radius,mass
1.4327,0,-1.72451,-1.8942,0,-1.57367,0.103,0.337
