x,y,z,vx,vy,vz,radius,mass
-0.72738,0,2.12073,4.98675,0,1.71039,0.103,0.337
