x,y,z,vx,vy,vz,radius,mass
2.11917,0,-0.731914,-0.835257,0,-2.41838,0.103,0.337
