x,y,z,vx,vy,vz,radius,mass
-2.23081,0,-0.223752,-0.260661,0,2.59879,0.103,0.337
