x,y,z,vx,vy,vz,radius,mass
-2.17506,0,0.543765,0.589153,0,2.35661,0.103,0.337
