x,y,z,vx,vy,vz,radius,mass
-0.203018,0,-2.23279,-2.28496,0,0.207762,0.103,0.337
