x,y,z,vx,vy,vz,radius,mass
2.15687,0,0.611934,0.893685,0,-3.14996,0.103,0.337
