x,y,z,vx,vy,vz,radius,mass
2.18874,0,-0.485761,-0.55471,0,-2.49941,0.103,0.337
