x,y,z,vx,vy,vz,radius,mass
2.10348,0,-0.775837,-0.953649,0,-2.58557,0.103,0.337
