x,y,z,vx,vy,vz,radius,mass
-1.36293,0,-1.78016,-2.08373,0,1.59535,0.103,0.337
