x,y,z,vx,vy,vz,radius,mass
0.639399,0,-2.14889,-2.27672,0,-0.677435,0.103,0.337
