x,y,z,vx,vy,vz,radius,mass
0.780727,0,2.10167,2.82912,0,-1.05096,0.103,0.337
