x,y,z,vx,vy,vz,radius,mass
0.481768,0,-2.18963,-2.24432,0,-0.493801,0.103,0.337
