x,y,z,vx,vy,vz,radius,mass
2.24199,0,0.00686804,0.0129827,0,-4.23805,0.103,0.337
