x,y,z,vx,vy,vz,radius,mass
0.27062,0,2.22561,3.27843,0,-0.398637,0.103,0.337
