x,y,z,vx,vy,vz,radius,mass
-2.2306,0,0.225791,1.13098,0,11.173,0.103,0.337
