x,y,z,vx,vy,vz,radius,mass
0.325962,0,-2.21818,-2.20188,0,-0.323567,0.103,0.337
