x,y,z,vx,vy,vz,radius,mass
-0.829716,0,2.08282,3.57803,0,1.42535,0.103,0.337
