x,y,z,vx,vy,vz,radius,mass
-2.01229,0,0.988565,1.03468,0,2.10615,0.103,0.337
