x,y,z,vx,vy,vz,radius,mass
2.03721,0,-0.936131,-1.57593,0,-3.42955,0.103,0.337
