x,y,z,vx,vy,vz,radius,mass
0.929401,0,2.04029,3.89879,0,-1.77599,0.103,0.337
