x,y,z,vx,vy,vz,radius,mass
-1.47003,0,-1.6928,-2.66705,0,2.31607,0.103,0.337
