x,y,z,vx,vy,vz,radius,mass
0.980407,0,2.01628,2.83209,0,-1.3771,0.103,0.337
