x,y,z,vx,vy,vz,radius,mass
-0.408812,0,-2.20441,-2.40972,0,0.446888,0.103,0.337
