x,y,z,vx,vy,vz,radius,mass
-2.21254,0,-0.362255,-0.665999,0,4.06772,0.103,0.337
