x,y,z,vx,vy,vz,radius,mass
-0.512657,0,-2.1826,-3.00411,0,0.705616,0.103,0.337
