x,y,z,vx,vy,vz,radius,mass
-2.16475,0,0.583471,1.97978,0,7.34523,0.103,0.337
