x,y,z,vx,vy,vz,radius,mass
-1.93551,0,-1.13153,-1.11663,0,1.91004,0.103,0.337
