x,y,z,vx,vy,vz,radius,mass
-2.17385,0,0.54858,0.574798,0,2.27774,0.103,0.337
