x,y,z,vx,vy,vz,radius,mass
0.25709,0,-2.22721,-2.71923,0,-0.313885,0.103,0.337
