x,y,z,vx,vy,vz,radius,mass
-0.708723,0,2.12703,3.14347,0,1.0474,0.103,0.337
