x,y,z,vx,vy,vz,radius,mass
1.50507,0,-1.66172,-2.3025,0,-2.08544,0.103,0.337
