x,y,z,vx,vy,vz,radius,mass
-0.943572,0,-2.03377,-3.05958,0,1.4195,0.103,0.337
