x,y,z,vx,vy,vz,radius,mass
-0.327474,0,-2.21796,-2.92786,0,0.43229,0.103,0.337
