x,y,z,vx,vy,vz,radius,mass
-0.658961,0,2.14297,7.14894,0,2.19829,0.103,0.337
