x,y,z,vx,vy,vz,radius,mass
1.21255,0,1.88581,2.09295,0,-1.34573,0.103,0.337
