x,y,z,vx,vy,vz,radius,mass
-1.402,0,1.74956,2.47709,0,1.98499,0.103,0.337
