x,y,z,vx,vy,vz,radius,mass
0.528612,0,-2.17879,-7.66228,0,-1.859,0.103,0.337
