x,y,z,vx,vy,vz,radius,mass
-2.22224,0,0.297004,0.345527,0,2.5853,0.103,0.337
