x,y,z,vx,vy,vz,radius,mass
-1.85937,0,-1.25272,-1.3184,0,1.95684,0.103,0.337
