x,y,z,vx,vy,vz,radius,mass
-1.99957,0,-1.01404,-1.22894,0,2.42331,0.103,0.337
