x,y,z,vx,vy,vz,radius,mass
-0.32926,0,2.21769,4.26119,0,0.632659,0.103,0.337
