x,y,z,vx,vy,vz,radius,mass
2.22712,0,-0.257875,-1.40148,0,-12.1038,0.103,0.337
