x,y,z,vx,vy,vz,radius,mass
-2.21955,0,0.316472,0.397189,0,2.78566,0.103,0.337
