x,y,z,vx,vy,vz,radius,mass
0.156206,0,2.23655,3.45578,0,-0.24136,0.103,0.337
