x,y,z,vx,vy,vz,radius,mass
1.15914,0,-1.9191,-1.90877,0,-1.1529,0.103,0.337
