x,y,z,vx,vy,vz,radius,mass
-2.03756,0,-0.935377,-0.922615,0,2.00976,0.103,0.337
