x,y,z,vx,vy,vz,radius,mass
-0.868407,0,2.06699,5.25258,0,2.20678,0.103,0.337
