x,y,z,vx,vy,vz,radius,mass
0.21524,0,2.23164,2.2476,0,-0.216779,0.103,0.337
