x,y,z,vx,vy,vz,radius,mass
1.63876,0,-1.53005,-1.62564,0,-1.74113,0.103,0.337
