x,y,z,vx,vy,vz,radius,mass
0.83651,0,-2.0801,-2.75551,0,-1.10812,0.103,0.337
