x,y,z,vx,vy,vz,radius,mass
2.21995,0,-0.313653,-0.436702,0,-3.09086,0.103,0.337
