x,y,z,vx,vy,vz,radius,mass
0.757251,0,-2.11025,-2.09681,0,-0.75243,0.103,0.337
