x,y,z,vx,vy,vz,radius,mass
-2.15328,0,0.624442,0.815129,0,2.81084,0.103,0.337
