x,y,z,vx,vy,vz,radius,mass
1.77847,0,-1.36514,-7.31194,0,-9.52587,0.103,0.337
