x,y,z,vx,vy,vz,radius,mass
-0.349628,0,-2.21457,-3.89147,0,0.61437,0.103,0.337
