x,y,z,vx,vy,vz,radius,mass
-2.20484,0,-0.406478,-0.972066,0,5.27275,0.103,0.337
