x,y,z,vx,vy,vz,radius,mass
-1.35084,0,-1.78935,-1.76925,0,1.33567,0.103,0.337
