x,y,z,vx,vy,vz,radius,mass
-0.358105,0,-2.21322,-5.81506,0,0.940896,0.103,0.337
