x,y,z,vx,vy,vz,radius,mass
-1.96434,0,-1.08071,-1.418,0,2.5774,0.103,0.337
