x,y,z,vx,vy,vz,radius,mass
-1.76676,0,1.38026,3.53036,0,4.51893,0.103,0.337
