x,y,z,vx,vy,vz,radius,mass
-1.83535,0,1.28766,1.82678,0,2.60377,0.103,0.337
