x,y,z,vx,vy,vz,radius,mass
1.28284,0,1.83872,3.73113,0,-2.60314,0.103,0.337
