x,y,z,vx,vy,vz,radius,mass
1.71845,0,1.43997,2.01664,0,-2.40664,0.103,0.337
