x,y,z,vx,vy,vz,radius,mass
1.2921,0,1.83222,1.96451,0,-1.38539,0.103,0.337
