x,y,z,vx,vy,vz,radius,mass
2.22294,0,0.291721,0.425584,0,-3.24299,0.103,0.337
