x,y,z,vx,vy,vz,radius,mass
1.42756,0,-1.72877,-2.20291,0,-1.81909,0.103,0.337
