x,y,z,vx,vy,vz,radius,mass
-1.15671,0,-1.92057,-2.5287,0,1.52296,0.103,0.337
