x,y,z,vx,vy,vz,radius,mass
-2.10746,0,-0.764965,-0.926393,0,2.55219,0.103,0.337
