x,y,z,vx,vy,vz,radius,mass
1.49467,0,-1.67108,-1.71734,0,-1.53604,0.103,0.337
