x,y,z,vx,vy,vz,radius,mass
-1.19493,0,-1.89703,-8.41201,0,5.29868,0.103,0.337
