x,y,z,vx,vy,vz,radius,mass
2.18287,0,-0.511505,-0.510776,0,-2.17976,0.103,0.337
