x,y,z,vx,vy,vz,radius,mass
2.18839,0,-0.48735,-0.519264,0,-2.3317,0.103,0.337
