x,y,z,vx,vy,vz,radius,mass
1.90254,0,1.18613,1.65952,0,-2.66186,0.103,0.337
