x,y,z,vx,vy,vz,radius,mass
2.2282,0,-0.248356,-0.532095,0,-4.77385,0.103,0.337
