x,y,z,vx,vy,vz,radius,mass
-2.01071,0,0.991775,1.92349,0,3.89965,0.103,0.337
