x,y,z,vx,vy,vz,radius,mass
-1.69748,0,-1.46463,-1.77762,0,2.06022,0.103,0.337
