x,y,z,vx,vy,vz,radius,mass
-1.95702,0,-1.09391,-3.3944,0,6.07265,0.103,0.337
