x,y,z,vx,vy,vz,radius,mass
-1.18423,0,-1.90372,-2.00798,0,1.24908,0.103,0.337
