x,y,z,vx,vy,vz,radius,mass
0.721548,0,-2.12272,-2.40991,0,-0.81917,0.103,0.337
