x,y,z,vx,vy,vz,radius,mass
-1.49365,0,-1.672,-1.82229,0,1.6279,0.103,0.337
