x,y,z,vx,vy,vz,radius,mass
-0.264379,0,2.22636,2.88419,0,0.342496,0.103,0.337
