x,y,z,vx,vy,vz,radius,mass
0.547365,0,2.17416,2.59888,0,-0.654294,0.103,0.337
