x,y,z,vx,vy,vz,radius,mass
-1.61639,0,-1.55366,-2.04207,0,2.12452,0.103,0.337
