x,y,z,vx,vy,vz,radius,mass
2.24016,0,0.0907778,0.208888,0,-5.15482,0.103,0.337
