x,y,z,vx,vy,vz,radius,mass
-1.74634,0,1.40601,1.51981,0,1.88768,0.103,0.337
