x,y,z,vx,vy,vz,radius,mass
-1.88243,0,1.2178,1.65437,0,2.55727,0.103,0.337
