x,y,z,vx,vy,vz,radius,mass
0.131821,0,-2.23812,-5.44659,0,-0.320793,0.103,0.337
