x,y,z,vx,vy,vz,radius,mass
-1.08955,0,-1.95945,-3.43258,0,1.90868,0.103,0.337
