x,y,z,vx,vy,vz,radius,mass
-1.91579,0,1.16461,3.24433,0,5.33697,0.103,0.337
