x,y,z,vx,vy,vz,radius,mass
1.80766,0,1.32624,1.64014,0,-2.23551,0.103,0.337
