x,y,z,vx,vy,vz,radius,mass
-1.29815,0,1.82794,2.70737,0,1.9227,0.103,0.337
