x,y,z,vx,vy,vz,radius,mass
1.71407,0,-1.44517,-2.3057,0,-2.73472,0.103,0.337
