x,y,z,vx,vy,vz,radius,mass
0.536188,0,-2.17694,-4.93161,0,-1.21467,0.103,0.337
