x,y,z,vx,vy,vz,radius,mass
-2.16898,0,-0.567542,-0.577188,0,2.20584,0.103,0.337
