x,y,z,vx,vy,vz,radius,mass
-1.95119,0,-1.10428,-1.2014,0,2.12279,0.103,0.337
