x,y,z,vx,vy,vz,radius,mass
2.24177,0,0.0323237,0.0383381,0,-2.65888,0.103,0.337
