x,y,z,vx,vy,vz,radius,mass
-1.30286,0,-1.82459,-1.98977,0,1.42081,0.103,0.337
