x,y,z,vx,vy,vz,radius,mass
-2.19723,0,-0.445786,-1.37667,0,6.78545,0.103,0.337
