x,y,z,vx,vy,vz,radius,mass
1.72025,0,-1.43781,-1.99415,0,-2.38589,0.103,0.337
