x,y,z,vx,vy,vz,radius,mass
1.65179,0,-1.51597,-4.84612,0,-5.28031,0.103,0.337
