x,y,z,vx,vy,vz,radius,mass
-2.13087,0,-0.697098,-0.784368,0,2.39764,0.103,0.337
