x,y,z,vx,vy,vz,radius,mass
1.4596,0,1.7018,2.49603,0,-2.14079,0.103,0.337
