x,y,z,vx,vy,vz,radius,mass
-2.17743,0,-0.534192,-1.18898,0,4.84644,0.103,0.337
