x,y,z,vx,vy,vz,radius,mass
2.09039,0,0.810459,0.811736,0,-2.09368,0.103,0.337
