x,y,z,vx,vy,vz,radius,mass
0.151989,0,2.23684,2.57969,0,-0.175285,0.103,0.337
