x,y,z,vx,vy,vz,radius,mass
-0.281447,0,-2.22426,-2.51871,0,0.318705,0.103,0.337
