x,y,z,vx,vy,vz,radius,mass
0.840811,0,-2.07837,-10.9758,0,-4.44031,0.103,0.337
