x,y,z,vx,vy,vz,radius,mass
1.2884,0,1.83482,4.60354,0,-3.23258,0.103,0.337
