x,y,z,vx,vy,vz,radius,mass
-1.7631,0,1.38494,1.44795,0,1.84331,0.103,0.337
