x,y,z,vx,vy,vz,radius,mass
-1.87325,0,1.23187,1.37912,0,2.09717,0.103,0.337
