x,y,z,vx,vy,vz,radius,mass
0.121952,0,-2.23868,-2.84117,0,-0.154772,0.103,0.337
