x,y,z,vx,vy,vz,radius,mass
1.93496,0,-1.13248,-1.12918,0,-1.92932,0.103,0.337
