x,y,z,vx,vy,vz,radius,mass
-1.07545,0,-1.96722,-7.66574,0,4.19074,0.103,0.337
