x,y,z,vx,vy,vz,radius,mass
0.255262,0,-2.22742,-2.28186,0,-0.261501,0.103,0.337
