x,y,z,vx,vy,vz,radius,mass
-0.429992,0,-2.20038,-2.25062,0,0.439809,0.103,0.337
