x,y,z,vx,vy,vz,radius,mass
1.43699,0,-1.72094,-3.91875,0,-3.27217,0.103,0.337
