x,y,z,vx,vy,vz,radius,mass
2.12464,0,-0.715881,-1.53024,0,-4.54156,0.103,0.337
