x,y,z,vx,vy,vz,radius,mass
-2.24181,0,-0.0293505,-0.0824059,0,6.29422,0.103,0.337
