x,y,z,vx,vy,vz,radius,mass
2.01054,0,0.992114,2.47367,0,-5.01295,0.103,0.337
