x,y,z,vx,vy,vz,radius,mass
2.22063,0,-0.308803,-0.828702,0,-5.95927,0.103,0.337
