x,y,z,vx,vy,vz,radius,mass
-1.79447,0,1.34404,1.68155,0,2.24509,0.103,0.337
