x,y,z,vx,vy,vz,radius,mass
1.58973,0,-1.58093,-7.22672,0,-7.26693,0.103,0.337
