x,y,z,vx,vy,vz,radius,mass
-1.75006,0,1.40138,2.41813,0,3.01978,0.103,0.337
