x,y,z,vx,vy,vz,radius,mass
1.92993,0,1.14102,2.46161,0,-4.16358,0.103,0.337
